Load Profile,       Date, 1:00 AM, 2:00 AM, 3:00 AM, 4:00 AM, 5:00 AM, 6:00 AM, 7:00 AM, 8:00 AM, 9:00 AM,10:00 AM,11:00 AM,12:00 PM, 1:00 PM, 2:00 PM, 3:00 PM, 4:00 PM, 5:00 PM, 6:00 PM, 7:00 PM, 8:00 PM, 9:00 PM,10:00 PM,11:00 PM,12:00 AM
TOU-GS      , 01/01/2015,  74.226,  73.105,  72.823,  73.310,  75.399,  79.691,  85.912,  86.361,  88.496,  89.580,  91.079,  91.858,  92.712,  93.340,  93.710,  93.750,  95.100,  99.276,  96.428,  93.777,  90.939,  86.797,  81.965,  77.970
TOU-GS      , 01/02/2015,  88.317,  85.525,  84.099,  84.734,  90.045, 102.777, 122.641, 135.442, 145.704, 149.543, 152.908, 154.190, 154.301, 155.482, 152.420, 145.083, 138.080, 135.161, 126.107, 119.838, 114.858, 107.067,  97.868,  90.120
TOU-GS      , 01/03/2015,  84.790,  82.101,  80.582,  80.387,  82.454,  88.233,  96.520,  97.737, 101.018, 103.420, 105.488, 105.952, 105.225, 103.255, 101.478, 100.104, 100.154, 103.722, 102.246,  99.919,  96.893,  91.638,  85.223,  80.293
TOU-GS      , 01/04/2015,  76.631,  75.117,  74.506,  74.525,  75.725,  78.673,  83.498,  84.007,  86.130,  87.726,  89.533,  91.214,  91.848,  92.041,  92.140,  92.354,  93.838,  98.559,  97.776,  95.183,  90.846,  86.570,  82.491,  79.544
TOU-GS      , 01/05/2015,  77.564,  76.621,  76.901,  78.677,  85.292,  99.735, 120.640, 134.492, 145.003, 148.128, 150.764, 151.512, 151.551, 152.376, 149.925, 143.600, 137.165, 134.953, 126.907, 121.112, 116.282, 108.782, 100.190,  93.069
TOU-GS      , 01/06/2015,  87.273,  84.750,  83.669,  84.548,  90.095, 103.872, 125.210, 139.701, 150.758, 153.749, 156.669, 157.896, 158.305, 159.595, 156.938, 149.770, 142.107, 139.093, 130.081, 123.813, 118.506, 110.402, 101.366,  93.938
TOU-GS      , 01/07/2015,  87.537,  85.026,  83.850,  84.737,  90.305, 104.012, 124.952, 138.723, 149.252, 152.783, 155.856, 157.288, 157.578, 158.705, 156.108, 149.497, 142.438, 139.373, 130.324, 124.017, 118.651, 110.415, 101.388,  93.840
TOU-GS      , 01/08/2015,  88.482,  85.739,  84.416,  85.045,  90.543, 104.074, 124.916, 138.543, 148.963, 152.919, 156.630, 158.479, 159.117, 160.863, 158.444, 151.433, 143.724, 140.149, 130.637, 124.049, 118.566, 110.223, 100.961,  93.519
TOU-GS      , 01/09/2015,  88.317,  85.525,  84.099,  84.734,  90.045, 102.777, 122.641, 135.442, 145.704, 149.543, 152.908, 154.190, 154.301, 155.482, 152.420, 145.083, 138.080, 135.161, 126.107, 119.838, 114.858, 107.067,  97.868,  90.120
TOU-GS      , 01/10/2015,  84.790,  82.101,  80.582,  80.387,  82.454,  88.233,  96.520,  97.737, 101.018, 103.420, 105.488, 105.952, 105.225, 103.255, 101.478, 100.104, 100.154, 103.722, 102.246,  99.919,  96.893,  91.638,  85.223,  80.293
TOU-GS      , 01/11/2015,  76.631,  75.117,  74.506,  74.525,  75.725,  78.673,  83.498,  84.007,  86.130,  87.726,  89.533,  91.214,  91.848,  92.041,  92.140,  92.354,  93.838,  98.559,  97.776,  95.183,  90.846,  86.570,  82.491,  79.544
TOU-GS      , 01/12/2015,  77.564,  76.621,  76.901,  78.677,  85.292,  99.735, 120.640, 134.492, 145.003, 148.128, 150.764, 151.512, 151.551, 152.376, 149.925, 143.600, 137.165, 134.953, 126.907, 121.112, 116.282, 108.782, 100.190,  93.069
TOU-GS      , 01/13/2015,  87.273,  84.750,  83.669,  84.548,  90.095, 103.872, 125.210, 139.701, 150.758, 153.749, 156.669, 157.896, 158.305, 159.595, 156.938, 149.770, 142.107, 139.093, 130.081, 123.813, 118.506, 110.402, 101.366,  93.938
TOU-GS      , 01/14/2015,  87.537,  85.026,  83.850,  84.737,  90.305, 104.012, 124.952, 138.723, 149.252, 152.783, 155.856, 157.288, 157.578, 158.705, 156.108, 149.497, 142.438, 139.373, 130.324, 124.017, 118.651, 110.415, 101.388,  93.840
TOU-GS      , 01/15/2015,  88.482,  85.739,  84.416,  85.045,  90.543, 104.074, 124.916, 138.543, 148.963, 152.919, 156.630, 158.479, 159.117, 160.863, 158.444, 151.433, 143.724, 140.149, 130.637, 124.049, 118.566, 110.223, 100.961,  93.519
TOU-GS      , 01/16/2015,  88.317,  85.525,  84.099,  84.734,  90.045, 102.777, 122.641, 135.442, 145.704, 149.543, 152.908, 154.190, 154.301, 155.482, 152.420, 145.083, 138.080, 135.161, 126.107, 119.838, 114.858, 107.067,  97.868,  90.120
TOU-GS      , 01/17/2015,  84.790,  82.101,  80.582,  80.387,  82.454,  88.233,  96.520,  97.737, 101.018, 103.420, 105.488, 105.952, 105.225, 103.255, 101.478, 100.104, 100.154, 103.722, 102.246,  99.919,  96.893,  91.638,  85.223,  80.293
TOU-GS      , 01/18/2015,  76.631,  75.117,  74.506,  74.525,  75.725,  78.673,  83.498,  84.007,  86.130,  87.726,  89.533,  91.214,  91.848,  92.041,  92.140,  92.354,  93.838,  98.559,  97.776,  95.183,  90.846,  86.570,  82.491,  79.544
TOU-GS      , 01/19/2015,  77.564,  76.621,  76.901,  78.677,  85.292,  99.735, 120.640, 134.492, 145.003, 148.128, 150.764, 151.512, 151.551, 152.376, 149.925, 143.600, 137.165, 134.953, 126.907, 121.112, 116.282, 108.782, 100.190,  93.069
TOU-GS      , 01/20/2015,  87.273,  84.750,  83.669,  84.548,  90.095, 103.872, 125.210, 139.701, 150.758, 153.749, 156.669, 157.896, 158.305, 159.595, 156.938, 149.770, 142.107, 139.093, 130.081, 123.813, 118.506, 110.402, 101.366,  93.938
TOU-GS      , 01/21/2015,  87.537,  85.026,  83.850,  84.737,  90.305, 104.012, 124.952, 138.723, 149.252, 152.783, 155.856, 157.288, 157.578, 158.705, 156.108, 149.497, 142.438, 139.373, 130.324, 124.017, 118.651, 110.415, 101.388,  93.840
TOU-GS      , 01/22/2015,  88.482,  85.739,  84.416,  85.045,  90.543, 104.074, 124.916, 138.543, 148.963, 152.919, 156.630, 158.479, 159.117, 160.863, 158.444, 151.433, 143.724, 140.149, 130.637, 124.049, 118.566, 110.223, 100.961,  93.519
TOU-GS      , 01/23/2015,  88.317,  85.525,  84.099,  84.734,  90.045, 102.777, 122.641, 135.442, 145.704, 149.543, 152.908, 154.190, 154.301, 155.482, 152.420, 145.083, 138.080, 135.161, 126.107, 119.838, 114.858, 107.067,  97.868,  90.120
TOU-GS      , 01/24/2015,  84.790,  82.101,  80.582,  80.387,  82.454,  88.233,  96.520,  97.737, 101.018, 103.420, 105.488, 105.952, 105.225, 103.255, 101.478, 100.104, 100.154, 103.722, 102.246,  99.919,  96.893,  91.638,  85.223,  80.293
TOU-GS      , 01/25/2015,  76.631,  75.117,  74.506,  74.525,  75.725,  78.673,  83.498,  84.007,  86.130,  87.726,  89.533,  91.214,  91.848,  92.041,  92.140,  92.354,  93.838,  98.559,  97.776,  95.183,  90.846,  86.570,  82.491,  79.544
TOU-GS      , 01/26/2015,  77.564,  76.621,  76.901,  78.677,  85.292,  99.735, 120.640, 134.492, 145.003, 148.128, 150.764, 151.512, 151.551, 152.376, 149.925, 143.600, 137.165, 134.953, 126.907, 121.112, 116.282, 108.782, 100.190,  93.069
TOU-GS      , 01/27/2015,  87.273,  84.750,  83.669,  84.548,  90.095, 103.872, 125.210, 139.701, 150.758, 153.749, 156.669, 157.896, 158.305, 159.595, 156.938, 149.770, 142.107, 139.093, 130.081, 123.813, 118.506, 110.402, 101.366,  93.938
TOU-GS      , 01/28/2015,  87.537,  85.026,  83.850,  84.737,  90.305, 104.012, 124.952, 138.723, 149.252, 152.783, 155.856, 157.288, 157.578, 158.705, 156.108, 149.497, 142.438, 139.373, 130.324, 124.017, 118.651, 110.415, 101.388,  93.840
TOU-GS      , 01/29/2015,  88.482,  85.739,  84.416,  85.045,  90.543, 104.074, 124.916, 138.543, 148.963, 152.919, 156.630, 158.479, 159.117, 160.863, 158.444, 151.433, 143.724, 140.149, 130.637, 124.049, 118.566, 110.223, 100.961,  93.519
TOU-GS      , 01/30/2015,  88.317,  85.525,  84.099,  84.734,  90.045, 102.777, 122.641, 135.442, 145.704, 149.543, 152.908, 154.190, 154.301, 155.482, 152.420, 145.083, 138.080, 135.161, 126.107, 119.838, 114.858, 107.067,  97.868,  90.120
TOU-GS      , 01/31/2015,  84.790,  82.101,  80.582,  80.387,  82.454,  88.233,  96.520,  97.737, 101.018, 103.420, 105.488, 105.952, 105.225, 103.255, 101.478, 100.104, 100.154, 103.722, 102.246,  99.919,  96.893,  91.638,  85.223,  80.293
TOU-GS      , 02/01/2015,  77.310,  75.721,  74.981,  74.975,  76.321,  79.429,  83.422,  83.771,  86.113,  87.788,  89.806,  91.572,  92.297,  92.529,  92.460,  92.273,  92.794,  96.369,  98.067,  95.600,  91.296,  87.013,  82.838,  79.777
TOU-GS      , 02/02/2015,  77.550,  76.613,  77.015,  78.848,  85.697, 100.358, 121.037, 135.290, 146.599, 150.333, 153.406, 154.451, 154.578, 155.695, 153.039, 145.913, 138.527, 135.040, 128.857, 122.899, 117.795, 109.874, 100.995,  93.740
TOU-GS      , 02/03/2015,  87.673,  85.089,  83.904,  84.622,  90.280, 104.119, 124.937, 139.802, 151.261, 154.226, 156.492, 156.998, 156.709, 157.530, 154.549, 147.230, 139.619, 136.338, 130.260, 124.305, 119.125, 110.882, 101.700,  94.265
TOU-GS      , 02/04/2015,  88.916,  86.131,  84.770,  85.456,  90.998, 104.714, 125.390, 139.878, 151.203, 154.736, 157.680, 158.567, 158.566, 159.371, 156.431, 149.208, 141.479, 137.661, 131.350, 125.163, 119.744, 111.291, 102.196,  94.478
TOU-GS      , 02/05/2015,  89.004,  86.221,  84.886,  85.515,  91.011, 104.665, 125.218, 139.704, 151.148, 154.798, 157.998, 159.318, 159.680, 161.260, 158.653, 151.124, 142.858, 138.583, 131.950, 125.450, 119.692, 111.067, 101.666,  94.064
TOU-GS      , 02/06/2015,  88.644,  85.838,  84.450,  84.992,  90.314, 103.103, 122.571, 135.642, 146.451, 150.413, 153.729, 154.939, 154.919, 155.906, 152.571, 144.548, 136.942, 133.494, 126.678, 120.552, 115.562, 107.675,  98.462,  90.635
TOU-GS      , 02/07/2015,  85.106,  82.305,  80.843,  80.605,  82.632,  88.310,  95.792,  96.683, 100.235, 102.929, 105.242, 105.705, 104.801, 102.931, 101.205,  99.885,  99.491, 102.098, 102.714, 100.309,  97.283,  91.934,  85.572,  80.543
TOU-GS      , 02/08/2015,  77.310,  75.721,  74.981,  74.975,  76.321,  79.429,  83.422,  83.771,  86.113,  87.788,  89.806,  91.572,  92.297,  92.529,  92.460,  92.273,  92.794,  96.369,  98.067,  95.600,  91.296,  87.013,  82.838,  79.777
TOU-GS      , 02/09/2015,  77.550,  76.613,  77.015,  78.848,  85.697, 100.358, 121.037, 135.290, 146.599, 150.333, 153.406, 154.451, 154.578, 155.695, 153.039, 145.913, 138.527, 135.040, 128.857, 122.899, 117.795, 109.874, 100.995,  93.740
TOU-GS      , 02/10/2015,  87.673,  85.089,  83.904,  84.622,  90.280, 104.119, 124.937, 139.802, 151.261, 154.226, 156.492, 156.998, 156.709, 157.530, 154.549, 147.230, 139.619, 136.338, 130.260, 124.305, 119.125, 110.882, 101.700,  94.265
TOU-GS      , 02/11/2015,  88.916,  86.131,  84.770,  85.456,  90.998, 104.714, 125.390, 139.878, 151.203, 154.736, 157.680, 158.567, 158.566, 159.371, 156.431, 149.208, 141.479, 137.661, 131.350, 125.163, 119.744, 111.291, 102.196,  94.478
TOU-GS      , 02/12/2015,  89.004,  86.221,  84.886,  85.515,  91.011, 104.665, 125.218, 139.704, 151.148, 154.798, 157.998, 159.318, 159.680, 161.260, 158.653, 151.124, 142.858, 138.583, 131.950, 125.450, 119.692, 111.067, 101.666,  94.064
TOU-GS      , 02/13/2015,  88.644,  85.838,  84.450,  84.992,  90.314, 103.103, 122.571, 135.642, 146.451, 150.413, 153.729, 154.939, 154.919, 155.906, 152.571, 144.548, 136.942, 133.494, 126.678, 120.552, 115.562, 107.675,  98.462,  90.635
TOU-GS      , 02/14/2015,  85.106,  82.305,  80.843,  80.605,  82.632,  88.310,  95.792,  96.683, 100.235, 102.929, 105.242, 105.705, 104.801, 102.931, 101.205,  99.885,  99.491, 102.098, 102.714, 100.309,  97.283,  91.934,  85.572,  80.543
TOU-GS      , 02/15/2015,  77.310,  75.721,  74.981,  74.975,  76.321,  79.429,  83.422,  83.771,  86.113,  87.788,  89.806,  91.572,  92.297,  92.529,  92.460,  92.273,  92.794,  96.369,  98.067,  95.600,  91.296,  87.013,  82.838,  79.777
TOU-GS      , 02/16/2015,  77.277,  76.133,  76.235,  77.730,  83.577,  95.761, 111.360, 117.968, 122.841, 125.136, 127.017, 127.568, 127.812, 128.667, 127.217, 124.161, 120.974, 120.621, 118.435, 114.241, 110.437, 103.991,  96.401,  90.196
TOU-GS      , 02/17/2015,  87.673,  85.089,  83.904,  84.622,  90.280, 104.119, 124.937, 139.802, 151.261, 154.226, 156.492, 156.998, 156.709, 157.530, 154.549, 147.230, 139.619, 136.338, 130.260, 124.305, 119.125, 110.882, 101.700,  94.265
TOU-GS      , 02/18/2015,  88.916,  86.131,  84.770,  85.456,  90.998, 104.714, 125.390, 139.878, 151.203, 154.736, 157.680, 158.567, 158.566, 159.371, 156.431, 149.208, 141.479, 137.661, 131.350, 125.163, 119.744, 111.291, 102.196,  94.478
TOU-GS      , 02/19/2015,  89.004,  86.221,  84.886,  85.515,  91.011, 104.665, 125.218, 139.704, 151.148, 154.798, 157.998, 159.318, 159.680, 161.260, 158.653, 151.124, 142.858, 138.583, 131.950, 125.450, 119.692, 111.067, 101.666,  94.064
TOU-GS      , 02/20/2015,  88.644,  85.838,  84.450,  84.992,  90.314, 103.103, 122.571, 135.642, 146.451, 150.413, 153.729, 154.939, 154.919, 155.906, 152.571, 144.548, 136.942, 133.494, 126.678, 120.552, 115.562, 107.675,  98.462,  90.635
TOU-GS      , 02/21/2015,  85.106,  82.305,  80.843,  80.605,  82.632,  88.310,  95.792,  96.683, 100.235, 102.929, 105.242, 105.705, 104.801, 102.931, 101.205,  99.885,  99.491, 102.098, 102.714, 100.309,  97.283,  91.934,  85.572,  80.543
TOU-GS      , 02/22/2015,  77.310,  75.721,  74.981,  74.975,  76.321,  79.429,  83.422,  83.771,  86.113,  87.788,  89.806,  91.572,  92.297,  92.529,  92.460,  92.273,  92.794,  96.369,  98.067,  95.600,  91.296,  87.013,  82.838,  79.777
TOU-GS      , 02/23/2015,  77.550,  76.613,  77.015,  78.848,  85.697, 100.358, 121.037, 135.290, 146.599, 150.333, 153.406, 154.451, 154.578, 155.695, 153.039, 145.913, 138.527, 135.040, 128.857, 122.899, 117.795, 109.874, 100.995,  93.740
TOU-GS      , 02/24/2015,  87.673,  85.089,  83.904,  84.622,  90.280, 104.119, 124.937, 139.802, 151.261, 154.226, 156.492, 156.998, 156.709, 157.530, 154.549, 147.230, 139.619, 136.338, 130.260, 124.305, 119.125, 110.882, 101.700,  94.265
TOU-GS      , 02/25/2015,  88.916,  86.131,  84.770,  85.456,  90.998, 104.714, 125.390, 139.878, 151.203, 154.736, 157.680, 158.567, 158.566, 159.371, 156.431, 149.208, 141.479, 137.661, 131.350, 125.163, 119.744, 111.291, 102.196,  94.478
TOU-GS      , 02/26/2015,  89.004,  86.221,  84.886,  85.515,  91.011, 104.665, 125.218, 139.704, 151.148, 154.798, 157.998, 159.318, 159.680, 161.260, 158.653, 151.124, 142.858, 138.583, 131.950, 125.450, 119.692, 111.067, 101.666,  94.064
TOU-GS      , 02/27/2015,  88.644,  85.838,  84.450,  84.992,  90.314, 103.103, 122.571, 135.642, 146.451, 150.413, 153.729, 154.939, 154.919, 155.906, 152.571, 144.548, 136.942, 133.494, 126.678, 120.552, 115.562, 107.675,  98.462,  90.635
TOU-GS      , 02/28/2015,  85.106,  82.305,  80.843,  80.605,  82.632,  88.310,  95.792,  96.683, 100.235, 102.929, 105.242, 105.705, 104.801, 102.931, 101.205,  99.885,  99.491, 102.098, 102.714, 100.309,  97.283,  91.934,  85.572,  80.543
TOU-GS      , 03/01/2015,  76.676,  75.434,  75.024,  75.825,  78.121,  82.650,  84.243,  85.709,  87.697,  89.920,  92.081,  93.488,  94.112,  94.474,  94.462,  94.357,  94.377,  95.419,  97.710,  94.306,  89.836,  85.383,  81.616,  78.750
TOU-GS      , 03/02/2015,  77.242,  76.938,  78.092,  83.118,  95.146, 114.914, 131.641, 144.117, 150.165, 154.083, 156.250, 157.453, 159.129, 158.431, 153.002, 145.063, 137.114, 129.577, 127.306, 121.970, 115.111, 105.312,  96.755,  90.409
TOU-GS      , 03/03/2015,  86.735,  84.707,  84.471,  87.986,  98.516, 117.249, 133.522, 145.653, 152.019, 155.751, 158.089, 159.144, 160.992, 160.411, 155.055, 146.908, 138.620, 131.013, 128.717, 123.309, 116.301, 106.350,  97.658,  91.181
TOU-GS      , 03/04/2015,  87.202,  85.111,  84.812,  88.383,  98.918, 117.459, 133.189, 145.417, 152.488, 157.056, 160.361, 162.133, 164.000, 163.188, 157.809, 149.723, 141.304, 133.383, 130.666, 124.923, 117.521, 107.459,  98.524,  91.965
TOU-GS      , 03/05/2015,  87.995,  85.730,  85.315,  88.550,  98.612, 116.835, 132.825, 145.524, 153.468, 158.589, 162.097, 164.014, 166.034, 165.562, 159.996, 151.494, 142.788, 134.584, 131.341, 125.298, 117.834, 107.681,  98.695,  92.021
TOU-GS      , 03/06/2015,  87.760,  85.395,  84.744,  87.611,  96.566, 113.110, 128.247, 140.108, 147.649, 152.310, 155.348, 156.805, 157.961, 157.246, 152.010, 143.992, 136.146, 128.886, 125.739, 120.263, 113.749, 104.488,  95.201,  88.175
TOU-GS      , 03/07/2015,  83.893,  81.633,  80.666,  81.561,  85.377,  92.556,  95.978,  98.778, 102.474, 105.439, 107.046, 107.265, 106.190, 104.436, 102.936, 101.678, 100.493, 100.598, 102.923, 100.283,  96.340,  90.260,  83.897,  79.323
TOU-GS      , 03/08/2015,  76.676,  75.434,  75.024,  75.825,  78.121,  82.650,  84.243,  85.709,  87.697,  89.920,  92.081,  93.488,  94.112,  94.474,  94.462,  94.357,  94.377,  95.419,  97.710,  94.306,  89.836,  85.383,  81.616,  78.750
TOU-GS      , 03/09/2015,  77.242,  76.938,  78.092,  83.118,  95.146, 114.914, 131.641, 144.117, 150.165, 154.083, 156.250, 157.453, 159.129, 158.431, 153.002, 145.063, 137.114, 129.577, 127.306, 121.970, 115.111, 105.312,  96.755,  90.409
TOU-GS      , 03/10/2015,  86.735,  84.707,  84.471,  87.986,  98.516, 117.249, 133.522, 145.653, 152.019, 155.751, 158.089, 159.144, 160.992, 160.411, 155.055, 146.908, 138.620, 131.013, 128.717, 123.309, 116.301, 106.350,  97.658,  91.181
TOU-GS      , 03/11/2015,  87.202,  85.111,  84.812,  88.383,  98.918, 117.459, 133.189, 145.417, 152.488, 157.056, 160.361, 162.133, 164.000, 163.188, 157.809, 149.723, 141.304, 133.383, 130.666, 124.923, 117.521, 107.459,  98.524,  91.965
TOU-GS      , 03/12/2015,  87.995,  85.730,  85.315,  88.550,  98.612, 116.835, 132.825, 145.524, 153.468, 158.589, 162.097, 164.014, 166.034, 165.562, 159.996, 151.494, 142.788, 134.584, 131.341, 125.298, 117.834, 107.681,  98.695,  92.021
TOU-GS      , 03/13/2015,  87.760,  85.395,  84.744,  87.611,  96.566, 113.110, 128.247, 140.108, 147.649, 152.310, 155.348, 156.805, 157.961, 157.246, 152.010, 143.992, 136.146, 128.886, 125.739, 120.263, 113.749, 104.488,  95.201,  88.175
TOU-GS      , 03/14/2015,  83.893,  81.633,  80.666,  81.561,  85.377,  92.556,  95.978,  98.778, 102.474, 105.439, 107.046, 107.265, 106.190, 104.436, 102.936, 101.678, 100.493, 100.598, 102.923, 100.283,  96.340,  90.260,  83.897,  79.323
TOU-GS      , 03/15/2015,  76.676,  75.434,  75.024,  75.825,  78.121,  82.650,  84.243,  85.709,  87.697,  89.920,  92.081,  93.488,  94.112,  94.474,  94.462,  94.357,  94.377,  95.419,  97.710,  94.306,  89.836,  85.383,  81.616,  78.750
TOU-GS      , 03/16/2015,  77.242,  76.938,  78.092,  83.118,  95.146, 114.914, 131.641, 144.117, 150.165, 154.083, 156.250, 157.453, 159.129, 158.431, 153.002, 145.063, 137.114, 129.577, 127.306, 121.970, 115.111, 105.312,  96.755,  90.409
TOU-GS      , 03/17/2015,  86.735,  84.707,  84.471,  87.986,  98.516, 117.249, 133.522, 145.653, 152.019, 155.751, 158.089, 159.144, 160.992, 160.411, 155.055, 146.908, 138.620, 131.013, 128.717, 123.309, 116.301, 106.350,  97.658,  91.181
TOU-GS      , 03/18/2015,  87.202,  85.111,  84.812,  88.383,  98.918, 117.459, 133.189, 145.417, 152.488, 157.056, 160.361, 162.133, 164.000, 163.188, 157.809, 149.723, 141.304, 133.383, 130.666, 124.923, 117.521, 107.459,  98.524,  91.965
TOU-GS      , 03/19/2015,  87.995,  85.730,  85.315,  88.550,  98.612, 116.835, 132.825, 145.524, 153.468, 158.589, 162.097, 164.014, 166.034, 165.562, 159.996, 151.494, 142.788, 134.584, 131.341, 125.298, 117.834, 107.681,  98.695,  92.021
TOU-GS      , 03/20/2015,  87.760,  85.395,  84.744,  87.611,  96.566, 113.110, 128.247, 140.108, 147.649, 152.310, 155.348, 156.805, 157.961, 157.246, 152.010, 143.992, 136.146, 128.886, 125.739, 120.263, 113.749, 104.488,  95.201,  88.175
TOU-GS      , 03/21/2015,  83.893,  81.633,  80.666,  81.561,  85.377,  92.556,  95.978,  98.778, 102.474, 105.439, 107.046, 107.265, 106.190, 104.436, 102.936, 101.678, 100.493, 100.598, 102.923, 100.283,  96.340,  90.260,  83.897,  79.323
TOU-GS      , 03/22/2015,  76.676,  75.434,  75.024,  75.825,  78.121,  82.650,  84.243,  85.709,  87.697,  89.920,  92.081,  93.488,  94.112,  94.474,  94.462,  94.357,  94.377,  95.419,  97.710,  94.306,  89.836,  85.383,  81.616,  78.750
TOU-GS      , 03/23/2015,  77.242,  76.938,  78.092,  83.118,  95.146, 114.914, 131.641, 144.117, 150.165, 154.083, 156.250, 157.453, 159.129, 158.431, 153.002, 145.063, 137.114, 129.577, 127.306, 121.970, 115.111, 105.312,  96.755,  90.409
TOU-GS      , 03/24/2015,  86.735,  84.707,  84.471,  87.986,  98.516, 117.249, 133.522, 145.653, 152.019, 155.751, 158.089, 159.144, 160.992, 160.411, 155.055, 146.908, 138.620, 131.013, 128.717, 123.309, 116.301, 106.350,  97.658,  91.181
TOU-GS      , 03/25/2015,  87.202,  85.111,  84.812,  88.383,  98.918, 117.459, 133.189, 145.417, 152.488, 157.056, 160.361, 162.133, 164.000, 163.188, 157.809, 149.723, 141.304, 133.383, 130.666, 124.923, 117.521, 107.459,  98.524,  91.965
TOU-GS      , 03/26/2015,  87.995,  85.730,  85.315,  88.550,  98.612, 116.835, 132.825, 145.524, 153.468, 158.589, 162.097, 164.014, 166.034, 165.562, 159.996, 151.494, 142.788, 134.584, 131.341, 125.298, 117.834, 107.681,  98.695,  92.021
TOU-GS      , 03/27/2015,  87.760,  85.395,  84.744,  87.611,  96.566, 113.110, 128.247, 140.108, 147.649, 152.310, 155.348, 156.805, 157.961, 157.246, 152.010, 143.992, 136.146, 128.886, 125.739, 120.263, 113.749, 104.488,  95.201,  88.175
TOU-GS      , 03/28/2015,  83.893,  81.633,  80.666,  81.561,  85.377,  92.556,  95.978,  98.778, 102.474, 105.439, 107.046, 107.265, 106.190, 104.436, 102.936, 101.678, 100.493, 100.598, 102.923, 100.283,  96.340,  90.260,  83.897,  79.323
TOU-GS      , 03/29/2015,  76.676,  75.434,  75.024,  75.825,  78.121,  82.650,  84.243,  85.709,  87.697,  89.920,  92.081,  93.488,  94.112,  94.474,  94.462,  94.357,  94.377,  95.419,  97.710,  94.306,  89.836,  85.383,  81.616,  78.750
TOU-GS      , 03/30/2015,  77.242,  76.938,  78.092,  83.118,  95.146, 114.914, 131.641, 144.117, 150.165, 154.083, 156.250, 157.453, 159.129, 158.431, 153.002, 145.063, 137.114, 129.577, 127.306, 121.970, 115.111, 105.312,  96.755,  90.409
TOU-GS      , 03/31/2015,  86.735,  84.707,  84.471,  87.986,  98.516, 117.249, 133.522, 145.653, 152.019, 155.751, 158.089, 159.144, 160.992, 160.411, 155.055, 146.908, 138.620, 131.013, 128.717, 123.309, 116.301, 106.350,  97.658,  91.181
TOU-GS      , 04/01/2015,  87.158,  85.357,  85.591,  90.670, 103.686, 123.093, 137.500, 149.479, 155.809, 161.121, 164.304, 166.159, 168.405, 166.143, 159.163, 150.453, 141.730, 131.420, 129.321, 125.021, 116.769, 106.044,  97.106,  90.869
TOU-GS      , 04/02/2015,  87.412,  85.514,  85.718,  90.683, 103.533, 122.798, 137.297, 149.276, 155.488, 160.576, 163.398, 164.592, 166.984, 165.081, 158.042, 149.184, 140.649, 130.615, 128.435, 124.275, 116.149, 105.165,  96.436,  90.255
TOU-GS      , 04/03/2015,  87.087,  85.018,  85.089,  89.854, 101.697, 119.369, 132.847, 144.734, 151.657, 157.497, 160.807, 162.211, 164.409, 161.988, 154.246, 145.758, 137.595, 127.350, 124.841, 120.942, 113.169, 102.120,  93.150,  86.835
TOU-GS      , 04/04/2015,  83.505,  81.608,  81.026,  82.734,  87.877,  94.470,  97.038, 102.386, 106.766, 110.274, 111.883, 112.131, 110.782, 109.586, 108.424, 107.101, 105.265, 103.535, 104.630, 102.666,  97.604,  90.039,  83.582,  79.344
TOU-GS      , 04/05/2015,  77.213,  76.114,  75.797,  76.835,  79.391,  82.720,  84.280,  87.574,  90.274,  93.389,  96.096,  97.607,  98.436,  98.873,  98.860,  98.516,  97.712,  96.801,  98.022,  95.390,  90.565,  85.797,  82.015,  79.148
TOU-GS      , 04/06/2015,  77.710,  77.657,  79.187,  85.755, 100.155, 120.257, 135.230, 147.653, 153.868, 159.001, 162.020, 163.771, 166.368, 164.464, 157.090, 148.299, 139.737, 129.567, 127.369, 123.255, 115.469, 104.757,  96.158,  90.072
TOU-GS      , 04/07/2015,  86.559,  84.801,  85.131,  90.131, 103.061, 122.388, 136.858, 148.793, 154.839, 160.043, 163.340, 165.202, 168.126, 166.298, 158.880, 149.891, 141.077, 130.663, 128.596, 124.512, 116.466, 105.479,  96.818,  90.597
TOU-GS      , 04/08/2015,  87.158,  85.357,  85.591,  90.670, 103.686, 123.093, 137.500, 149.479, 155.809, 161.121, 164.304, 166.159, 168.405, 166.143, 159.163, 150.453, 141.730, 131.420, 129.321, 125.021, 116.769, 106.044,  97.106,  90.869
TOU-GS      , 04/09/2015,  87.412,  85.514,  85.718,  90.683, 103.533, 122.798, 137.297, 149.276, 155.488, 160.576, 163.398, 164.592, 166.984, 165.081, 158.042, 149.184, 140.649, 130.615, 128.435, 124.275, 116.149, 105.165,  96.436,  90.255
TOU-GS      , 04/10/2015,  87.087,  85.018,  85.089,  89.854, 101.697, 119.369, 132.847, 144.734, 151.657, 157.497, 160.807, 162.211, 164.409, 161.988, 154.246, 145.758, 137.595, 127.350, 124.841, 120.942, 113.169, 102.120,  93.150,  86.835
TOU-GS      , 04/11/2015,  83.505,  81.608,  81.026,  82.734,  87.877,  94.470,  97.038, 102.386, 106.766, 110.274, 111.883, 112.131, 110.782, 109.586, 108.424, 107.101, 105.265, 103.535, 104.630, 102.666,  97.604,  90.039,  83.582,  79.344
TOU-GS      , 04/12/2015,  77.213,  76.114,  75.797,  76.835,  79.391,  82.720,  84.280,  87.574,  90.274,  93.389,  96.096,  97.607,  98.436,  98.873,  98.860,  98.516,  97.712,  96.801,  98.022,  95.390,  90.565,  85.797,  82.015,  79.148
TOU-GS      , 04/13/2015,  77.710,  77.657,  79.187,  85.755, 100.155, 120.257, 135.230, 147.653, 153.868, 159.001, 162.020, 163.771, 166.368, 164.464, 157.090, 148.299, 139.737, 129.567, 127.369, 123.255, 115.469, 104.757,  96.158,  90.072
TOU-GS      , 04/14/2015,  86.559,  84.801,  85.131,  90.131, 103.061, 122.388, 136.858, 148.793, 154.839, 160.043, 163.340, 165.202, 168.126, 166.298, 158.880, 149.891, 141.077, 130.663, 128.596, 124.512, 116.466, 105.479,  96.818,  90.597
TOU-GS      , 04/15/2015,  87.158,  85.357,  85.591,  90.670, 103.686, 123.093, 137.500, 149.479, 155.809, 161.121, 164.304, 166.159, 168.405, 166.143, 159.163, 150.453, 141.730, 131.420, 129.321, 125.021, 116.769, 106.044,  97.106,  90.869
TOU-GS      , 04/16/2015,  87.412,  85.514,  85.718,  90.683, 103.533, 122.798, 137.297, 149.276, 155.488, 160.576, 163.398, 164.592, 166.984, 165.081, 158.042, 149.184, 140.649, 130.615, 128.435, 124.275, 116.149, 105.165,  96.436,  90.255
TOU-GS      , 04/17/2015,  87.087,  85.018,  85.089,  89.854, 101.697, 119.369, 132.847, 144.734, 151.657, 157.497, 160.807, 162.211, 164.409, 161.988, 154.246, 145.758, 137.595, 127.350, 124.841, 120.942, 113.169, 102.120,  93.150,  86.835
TOU-GS      , 04/18/2015,  83.505,  81.608,  81.026,  82.734,  87.877,  94.470,  97.038, 102.386, 106.766, 110.274, 111.883, 112.131, 110.782, 109.586, 108.424, 107.101, 105.265, 103.535, 104.630, 102.666,  97.604,  90.039,  83.582,  79.344
TOU-GS      , 04/19/2015,  77.213,  76.114,  75.797,  76.835,  79.391,  82.720,  84.280,  87.574,  90.274,  93.389,  96.096,  97.607,  98.436,  98.873,  98.860,  98.516,  97.712,  96.801,  98.022,  95.390,  90.565,  85.797,  82.015,  79.148
TOU-GS      , 04/20/2015,  77.710,  77.657,  79.187,  85.755, 100.155, 120.257, 135.230, 147.653, 153.868, 159.001, 162.020, 163.771, 166.368, 164.464, 157.090, 148.299, 139.737, 129.567, 127.369, 123.255, 115.469, 104.757,  96.158,  90.072
TOU-GS      , 04/21/2015,  86.559,  84.801,  85.131,  90.131, 103.061, 122.388, 136.858, 148.793, 154.839, 160.043, 163.340, 165.202, 168.126, 166.298, 158.880, 149.891, 141.077, 130.663, 128.596, 124.512, 116.466, 105.479,  96.818,  90.597
TOU-GS      , 04/22/2015,  87.158,  85.357,  85.591,  90.670, 103.686, 123.093, 137.500, 149.479, 155.809, 161.121, 164.304, 166.159, 168.405, 166.143, 159.163, 150.453, 141.730, 131.420, 129.321, 125.021, 116.769, 106.044,  97.106,  90.869
TOU-GS      , 04/23/2015,  87.412,  85.514,  85.718,  90.683, 103.533, 122.798, 137.297, 149.276, 155.488, 160.576, 163.398, 164.592, 166.984, 165.081, 158.042, 149.184, 140.649, 130.615, 128.435, 124.275, 116.149, 105.165,  96.436,  90.255
TOU-GS      , 04/24/2015,  87.087,  85.018,  85.089,  89.854, 101.697, 119.369, 132.847, 144.734, 151.657, 157.497, 160.807, 162.211, 164.409, 161.988, 154.246, 145.758, 137.595, 127.350, 124.841, 120.942, 113.169, 102.120,  93.150,  86.835
TOU-GS      , 04/25/2015,  83.505,  81.608,  81.026,  82.734,  87.877,  94.470,  97.038, 102.386, 106.766, 110.274, 111.883, 112.131, 110.782, 109.586, 108.424, 107.101, 105.265, 103.535, 104.630, 102.666,  97.604,  90.039,  83.582,  79.344
TOU-GS      , 04/26/2015,  77.213,  76.114,  75.797,  76.835,  79.391,  82.720,  84.280,  87.574,  90.274,  93.389,  96.096,  97.607,  98.436,  98.873,  98.860,  98.516,  97.712,  96.801,  98.022,  95.390,  90.565,  85.797,  82.015,  79.148
TOU-GS      , 04/27/2015,  77.710,  77.657,  79.187,  85.755, 100.155, 120.257, 135.230, 147.653, 153.868, 159.001, 162.020, 163.771, 166.368, 164.464, 157.090, 148.299, 139.737, 129.567, 127.369, 123.255, 115.469, 104.757,  96.158,  90.072
TOU-GS      , 04/28/2015,  86.559,  84.801,  85.131,  90.131, 103.061, 122.388, 136.858, 148.793, 154.839, 160.043, 163.340, 165.202, 168.126, 166.298, 158.880, 149.891, 141.077, 130.663, 128.596, 124.512, 116.466, 105.479,  96.818,  90.597
TOU-GS      , 04/29/2015,  87.158,  85.357,  85.591,  90.670, 103.686, 123.093, 137.500, 149.479, 155.809, 161.121, 164.304, 166.159, 168.405, 166.143, 159.163, 150.453, 141.730, 131.420, 129.321, 125.021, 116.769, 106.044,  97.106,  90.869
TOU-GS      , 04/30/2015,  87.412,  85.514,  85.718,  90.683, 103.533, 122.798, 137.297, 149.276, 155.488, 160.576, 163.398, 164.592, 166.984, 165.081, 158.042, 149.184, 140.649, 130.615, 128.435, 124.275, 116.149, 105.165,  96.436,  90.255
TOU-GS      , 05/01/2015,  89.660,  87.388,  87.365,  92.403, 104.682, 122.110, 138.305, 152.534, 161.206, 168.146, 172.060, 173.341, 175.953, 173.267, 164.501, 154.630, 145.352, 133.528, 128.364, 125.776, 117.471, 105.722,  96.047,  89.283
TOU-GS      , 05/02/2015,  85.397,  83.175,  82.495,  84.122,  88.951,  94.332,  98.454, 104.311, 108.993, 112.734, 114.509, 114.951, 113.712, 112.744, 111.704, 110.411, 108.311, 106.056, 105.404, 104.842,  99.722,  91.902,  85.124,  80.695
TOU-GS      , 05/03/2015,  78.236,  76.951,  76.566,  77.492,  79.787,  81.998,  85.355,  89.560,  92.960,  96.565,  99.731, 101.395, 102.475, 103.129, 103.332, 103.163, 102.262, 100.909,  99.990,  98.477,  93.044,  87.696,  83.507,  80.331
TOU-GS      , 05/04/2015,  79.714,  79.359,  80.815,  87.582, 102.100, 121.599, 140.534, 156.898, 166.172, 173.706, 178.081, 180.002, 183.196, 180.918, 171.552, 160.592, 150.328, 137.700, 132.358, 129.100, 120.388, 108.524,  99.281,  92.888
TOU-GS      , 05/05/2015,  86.993,  85.243,  85.590,  90.978, 104.347, 123.339, 141.354, 156.695, 165.452, 172.309, 176.493, 178.387, 181.484, 179.320, 170.589, 160.197, 150.153, 138.057, 132.626, 129.456, 120.658, 108.746,  99.585,  93.136
TOU-GS      , 05/06/2015,  89.657,  87.530,  87.689,  92.956, 106.098, 124.865, 142.298, 157.450, 166.708, 174.187, 178.641, 180.545, 183.418, 181.195, 172.939, 162.470, 152.441, 139.942, 134.277, 130.752, 121.680, 109.795, 100.419,  93.814
TOU-GS      , 05/07/2015,  90.144,  87.989,  88.011,  93.209, 106.246, 124.991, 142.315, 157.281, 166.220, 173.552, 178.154, 180.366, 183.747, 181.764, 173.192, 162.615, 152.392, 139.986, 134.299, 130.553, 121.443, 109.385, 100.104,  93.595
TOU-GS      , 05/08/2015,  89.660,  87.388,  87.365,  92.403, 104.682, 122.110, 138.305, 152.534, 161.206, 168.146, 172.060, 173.341, 175.953, 173.267, 164.501, 154.630, 145.352, 133.528, 128.364, 125.776, 117.471, 105.722,  96.047,  89.283
TOU-GS      , 05/09/2015,  85.397,  83.175,  82.495,  84.122,  88.951,  94.332,  98.454, 104.311, 108.993, 112.734, 114.509, 114.951, 113.712, 112.744, 111.704, 110.411, 108.311, 106.056, 105.404, 104.842,  99.722,  91.902,  85.124,  80.695
TOU-GS      , 05/10/2015,  78.236,  76.951,  76.566,  77.492,  79.787,  81.998,  85.355,  89.560,  92.960,  96.565,  99.731, 101.395, 102.475, 103.129, 103.332, 103.163, 102.262, 100.909,  99.990,  98.477,  93.044,  87.696,  83.507,  80.331
TOU-GS      , 05/11/2015,  79.714,  79.359,  80.815,  87.582, 102.100, 121.599, 140.534, 156.898, 166.172, 173.706, 178.081, 180.002, 183.196, 180.918, 171.552, 160.592, 150.328, 137.700, 132.358, 129.100, 120.388, 108.524,  99.281,  92.888
TOU-GS      , 05/12/2015,  86.993,  85.243,  85.590,  90.978, 104.347, 123.339, 141.354, 156.695, 165.452, 172.309, 176.493, 178.387, 181.484, 179.320, 170.589, 160.197, 150.153, 138.057, 132.626, 129.456, 120.658, 108.746,  99.585,  93.136
TOU-GS      , 05/13/2015,  89.657,  87.530,  87.689,  92.956, 106.098, 124.865, 142.298, 157.450, 166.708, 174.187, 178.641, 180.545, 183.418, 181.195, 172.939, 162.470, 152.441, 139.942, 134.277, 130.752, 121.680, 109.795, 100.419,  93.814
TOU-GS      , 05/14/2015,  90.144,  87.989,  88.011,  93.209, 106.246, 124.991, 142.315, 157.281, 166.220, 173.552, 178.154, 180.366, 183.747, 181.764, 173.192, 162.615, 152.392, 139.986, 134.299, 130.553, 121.443, 109.385, 100.104,  93.595
TOU-GS      , 05/15/2015,  89.660,  87.388,  87.365,  92.403, 104.682, 122.110, 138.305, 152.534, 161.206, 168.146, 172.060, 173.341, 175.953, 173.267, 164.501, 154.630, 145.352, 133.528, 128.364, 125.776, 117.471, 105.722,  96.047,  89.283
TOU-GS      , 05/16/2015,  85.397,  83.175,  82.495,  84.122,  88.951,  94.332,  98.454, 104.311, 108.993, 112.734, 114.509, 114.951, 113.712, 112.744, 111.704, 110.411, 108.311, 106.056, 105.404, 104.842,  99.722,  91.902,  85.124,  80.695
TOU-GS      , 05/17/2015,  78.236,  76.951,  76.566,  77.492,  79.787,  81.998,  85.355,  89.560,  92.960,  96.565,  99.731, 101.395, 102.475, 103.129, 103.332, 103.163, 102.262, 100.909,  99.990,  98.477,  93.044,  87.696,  83.507,  80.331
TOU-GS      , 05/18/2015,  79.714,  79.359,  80.815,  87.582, 102.100, 121.599, 140.534, 156.898, 166.172, 173.706, 178.081, 180.002, 183.196, 180.918, 171.552, 160.592, 150.328, 137.700, 132.358, 129.100, 120.388, 108.524,  99.281,  92.888
TOU-GS      , 05/19/2015,  86.993,  85.243,  85.590,  90.978, 104.347, 123.339, 141.354, 156.695, 165.452, 172.309, 176.493, 178.387, 181.484, 179.320, 170.589, 160.197, 150.153, 138.057, 132.626, 129.456, 120.658, 108.746,  99.585,  93.136
TOU-GS      , 05/20/2015,  89.657,  87.530,  87.689,  92.956, 106.098, 124.865, 142.298, 157.450, 166.708, 174.187, 178.641, 180.545, 183.418, 181.195, 172.939, 162.470, 152.441, 139.942, 134.277, 130.752, 121.680, 109.795, 100.419,  93.814
TOU-GS      , 05/21/2015,  90.144,  87.989,  88.011,  93.209, 106.246, 124.991, 142.315, 157.281, 166.220, 173.552, 178.154, 180.366, 183.747, 181.764, 173.192, 162.615, 152.392, 139.986, 134.299, 130.553, 121.443, 109.385, 100.104,  93.595
TOU-GS      , 05/22/2015,  89.660,  87.388,  87.365,  92.403, 104.682, 122.110, 138.305, 152.534, 161.206, 168.146, 172.060, 173.341, 175.953, 173.267, 164.501, 154.630, 145.352, 133.528, 128.364, 125.776, 117.471, 105.722,  96.047,  89.283
TOU-GS      , 05/23/2015,  85.397,  83.175,  82.495,  84.122,  88.951,  94.332,  98.454, 104.311, 108.993, 112.734, 114.509, 114.951, 113.712, 112.744, 111.704, 110.411, 108.311, 106.056, 105.404, 104.842,  99.722,  91.902,  85.124,  80.695
TOU-GS      , 05/24/2015,  78.236,  76.951,  76.566,  77.492,  79.787,  81.998,  85.355,  89.560,  92.960,  96.565,  99.731, 101.395, 102.475, 103.129, 103.332, 103.163, 102.262, 100.909,  99.990,  98.477,  93.044,  87.696,  83.507,  80.331
TOU-GS      , 05/25/2015,  75.600,  74.773,  75.076,  77.726,  82.113,  86.563,  90.486,  95.061,  99.580, 104.200, 107.329, 109.923, 112.371, 113.802, 113.815, 112.738, 110.255, 105.534, 102.987, 102.609,  96.986,  89.602,  84.064,  80.386
TOU-GS      , 05/26/2015,  86.993,  85.243,  85.590,  90.978, 104.347, 123.339, 141.354, 156.695, 165.452, 172.309, 176.493, 178.387, 181.484, 179.320, 170.589, 160.197, 150.153, 138.057, 132.626, 129.456, 120.658, 108.746,  99.585,  93.136
TOU-GS      , 05/27/2015,  89.657,  87.530,  87.689,  92.956, 106.098, 124.865, 142.298, 157.450, 166.708, 174.187, 178.641, 180.545, 183.418, 181.195, 172.939, 162.470, 152.441, 139.942, 134.277, 130.752, 121.680, 109.795, 100.419,  93.814
TOU-GS      , 05/28/2015,  90.144,  87.989,  88.011,  93.209, 106.246, 124.991, 142.315, 157.281, 166.220, 173.552, 178.154, 180.366, 183.747, 181.764, 173.192, 162.615, 152.392, 139.986, 134.299, 130.553, 121.443, 109.385, 100.104,  93.595
TOU-GS      , 05/29/2015,  89.660,  87.388,  87.365,  92.403, 104.682, 122.110, 138.305, 152.534, 161.206, 168.146, 172.060, 173.341, 175.953, 173.267, 164.501, 154.630, 145.352, 133.528, 128.364, 125.776, 117.471, 105.722,  96.047,  89.283
TOU-GS      , 05/30/2015,  85.397,  83.175,  82.495,  84.122,  88.951,  94.332,  98.454, 104.311, 108.993, 112.734, 114.509, 114.951, 113.712, 112.744, 111.704, 110.411, 108.311, 106.056, 105.404, 104.842,  99.722,  91.902,  85.124,  80.695
TOU-GS      , 05/31/2015,  78.236,  76.951,  76.566,  77.492,  79.787,  81.998,  85.355,  89.560,  92.960,  96.565,  99.731, 101.395, 102.475, 103.129, 103.332, 103.163, 102.262, 100.909,  99.990,  98.477,  93.044,  87.696,  83.507,  80.331
TOU-GS      , 06/01/2015,  81.152,  80.803,  82.517,  89.744, 104.534, 123.759, 140.018, 152.627, 160.449, 167.175, 171.271, 173.135, 175.957, 175.069, 169.779, 161.969, 152.841, 140.414, 133.578, 130.726, 122.547, 110.767, 101.356,  94.746
TOU-GS      , 06/02/2015,  90.991,  88.842,  89.130,  94.633, 107.737, 126.650, 142.505, 154.892, 163.118, 170.354, 174.399, 176.002, 178.632, 177.425, 172.032, 164.065, 154.690, 142.255, 135.317, 132.330, 123.891, 111.766, 102.299,  95.654
TOU-GS      , 06/03/2015,  91.510,  89.256,  89.463,  94.951, 108.024, 126.733, 142.520, 154.745, 162.533, 169.392, 173.408, 174.824, 177.309, 176.305, 171.354, 163.808, 154.718, 142.407, 135.513, 132.480, 123.878, 111.979, 102.440,  95.858
TOU-GS      , 06/04/2015,  92.045,  89.722,  89.846,  95.189, 108.080, 126.557, 142.490, 154.997, 163.021, 169.780, 173.712, 175.204, 177.916, 176.953, 171.999, 164.357, 155.217, 142.871, 135.915, 132.812, 124.147, 111.888, 102.460,  95.860
TOU-GS      , 06/05/2015,  92.067,  89.729,  89.753,  95.119, 107.417, 124.887, 139.861, 151.840, 159.749, 166.465, 170.042, 170.937, 172.819, 170.901, 165.147, 157.864, 149.499, 137.535, 131.024, 128.724, 120.760, 108.763,  98.701,  91.915
TOU-GS      , 06/06/2015,  88.163,  85.803,  85.144,  87.021,  92.189,  98.549, 103.795, 110.326, 115.684, 120.135, 122.535, 123.244, 122.066, 120.930, 119.821, 118.417, 116.157, 113.314, 110.872, 109.974, 104.468,  96.043,  88.600,  83.765
TOU-GS      , 06/07/2015,  81.062,  79.656,  79.156,  80.146,  82.191,  84.767,  89.149,  94.177,  98.397, 102.822, 106.527, 108.436, 109.679, 110.503, 110.766, 110.638, 109.508, 107.602, 105.074, 103.216,  97.586,  91.717,  87.111,  83.617
TOU-GS      , 06/08/2015,  81.152,  80.803,  82.517,  89.744, 104.534, 123.759, 140.018, 152.627, 160.449, 167.175, 171.271, 173.135, 175.957, 175.069, 169.779, 161.969, 152.841, 140.414, 133.578, 130.726, 122.547, 110.767, 101.356,  94.746
TOU-GS      , 06/09/2015,  90.991,  88.842,  89.130,  94.633, 107.737, 126.650, 142.505, 154.892, 163.118, 170.354, 174.399, 176.002, 178.632, 177.425, 172.032, 164.065, 154.690, 142.255, 135.317, 132.330, 123.891, 111.766, 102.299,  95.654
TOU-GS      , 06/10/2015,  91.510,  89.256,  89.463,  94.951, 108.024, 126.733, 142.520, 154.745, 162.533, 169.392, 173.408, 174.824, 177.309, 176.305, 171.354, 163.808, 154.718, 142.407, 135.513, 132.480, 123.878, 111.979, 102.440,  95.858
TOU-GS      , 06/11/2015,  92.045,  89.722,  89.846,  95.189, 108.080, 126.557, 142.490, 154.997, 163.021, 169.780, 173.712, 175.204, 177.916, 176.953, 171.999, 164.357, 155.217, 142.871, 135.915, 132.812, 124.147, 111.888, 102.460,  95.860
TOU-GS      , 06/12/2015,  92.067,  89.729,  89.753,  95.119, 107.417, 124.887, 139.861, 151.840, 159.749, 166.465, 170.042, 170.937, 172.819, 170.901, 165.147, 157.864, 149.499, 137.535, 131.024, 128.724, 120.760, 108.763,  98.701,  91.915
TOU-GS      , 06/13/2015,  88.163,  85.803,  85.144,  87.021,  92.189,  98.549, 103.795, 110.326, 115.684, 120.135, 122.535, 123.244, 122.066, 120.930, 119.821, 118.417, 116.157, 113.314, 110.872, 109.974, 104.468,  96.043,  88.600,  83.765
TOU-GS      , 06/14/2015,  81.062,  79.656,  79.156,  80.146,  82.191,  84.767,  89.149,  94.177,  98.397, 102.822, 106.527, 108.436, 109.679, 110.503, 110.766, 110.638, 109.508, 107.602, 105.074, 103.216,  97.586,  91.717,  87.111,  83.617
TOU-GS      , 06/15/2015,  81.152,  80.803,  82.517,  89.744, 104.534, 123.759, 140.018, 152.627, 160.449, 167.175, 171.271, 173.135, 175.957, 175.069, 169.779, 161.969, 152.841, 140.414, 133.578, 130.726, 122.547, 110.767, 101.356,  94.746
TOU-GS      , 06/16/2015,  90.991,  88.842,  89.130,  94.633, 107.737, 126.650, 142.505, 154.892, 163.118, 170.354, 174.399, 176.002, 178.632, 177.425, 172.032, 164.065, 154.690, 142.255, 135.317, 132.330, 123.891, 111.766, 102.299,  95.654
TOU-GS      , 06/17/2015,  91.510,  89.256,  89.463,  94.951, 108.024, 126.733, 142.520, 154.745, 162.533, 169.392, 173.408, 174.824, 177.309, 176.305, 171.354, 163.808, 154.718, 142.407, 135.513, 132.480, 123.878, 111.979, 102.440,  95.858
TOU-GS      , 06/18/2015,  92.045,  89.722,  89.846,  95.189, 108.080, 126.557, 142.490, 154.997, 163.021, 169.780, 173.712, 175.204, 177.916, 176.953, 171.999, 164.357, 155.217, 142.871, 135.915, 132.812, 124.147, 111.888, 102.460,  95.860
TOU-GS      , 06/19/2015,  92.067,  89.729,  89.753,  95.119, 107.417, 124.887, 139.861, 151.840, 159.749, 166.465, 170.042, 170.937, 172.819, 170.901, 165.147, 157.864, 149.499, 137.535, 131.024, 128.724, 120.760, 108.763,  98.701,  91.915
TOU-GS      , 06/20/2015,  88.163,  85.803,  85.144,  87.021,  92.189,  98.549, 103.795, 110.326, 115.684, 120.135, 122.535, 123.244, 122.066, 120.930, 119.821, 118.417, 116.157, 113.314, 110.872, 109.974, 104.468,  96.043,  88.600,  83.765
TOU-GS      , 06/21/2015,  81.062,  79.656,  79.156,  80.146,  82.191,  84.767,  89.149,  94.177,  98.397, 102.822, 106.527, 108.436, 109.679, 110.503, 110.766, 110.638, 109.508, 107.602, 105.074, 103.216,  97.586,  91.717,  87.111,  83.617
TOU-GS      , 06/22/2015,  81.152,  80.803,  82.517,  89.744, 104.534, 123.759, 140.018, 152.627, 160.449, 167.175, 171.271, 173.135, 175.957, 175.069, 169.779, 161.969, 152.841, 140.414, 133.578, 130.726, 122.547, 110.767, 101.356,  94.746
TOU-GS      , 06/23/2015,  90.991,  88.842,  89.130,  94.633, 107.737, 126.650, 142.505, 154.892, 163.118, 170.354, 174.399, 176.002, 178.632, 177.425, 172.032, 164.065, 154.690, 142.255, 135.317, 132.330, 123.891, 111.766, 102.299,  95.654
TOU-GS      , 06/24/2015,  91.510,  89.256,  89.463,  94.951, 108.024, 126.733, 142.520, 154.745, 162.533, 169.392, 173.408, 174.824, 177.309, 176.305, 171.354, 163.808, 154.718, 142.407, 135.513, 132.480, 123.878, 111.979, 102.440,  95.858
TOU-GS      , 06/25/2015,  92.045,  89.722,  89.846,  95.189, 108.080, 126.557, 142.490, 154.997, 163.021, 169.780, 173.712, 175.204, 177.916, 176.953, 171.999, 164.357, 155.217, 142.871, 135.915, 132.812, 124.147, 111.888, 102.460,  95.860
TOU-GS      , 06/26/2015,  92.067,  89.729,  89.753,  95.119, 107.417, 124.887, 139.861, 151.840, 159.749, 166.465, 170.042, 170.937, 172.819, 170.901, 165.147, 157.864, 149.499, 137.535, 131.024, 128.724, 120.760, 108.763,  98.701,  91.915
TOU-GS      , 06/27/2015,  88.163,  85.803,  85.144,  87.021,  92.189,  98.549, 103.795, 110.326, 115.684, 120.135, 122.535, 123.244, 122.066, 120.930, 119.821, 118.417, 116.157, 113.314, 110.872, 109.974, 104.468,  96.043,  88.600,  83.765
TOU-GS      , 06/28/2015,  81.062,  79.656,  79.156,  80.146,  82.191,  84.767,  89.149,  94.177,  98.397, 102.822, 106.527, 108.436, 109.679, 110.503, 110.766, 110.638, 109.508, 107.602, 105.074, 103.216,  97.586,  91.717,  87.111,  83.617
TOU-GS      , 06/29/2015,  81.152,  80.803,  82.517,  89.744, 104.534, 123.759, 140.018, 152.627, 160.449, 167.175, 171.271, 173.135, 175.957, 175.069, 169.779, 161.969, 152.841, 140.414, 133.578, 130.726, 122.547, 110.767, 101.356,  94.746
TOU-GS      , 06/30/2015,  90.991,  88.842,  89.130,  94.633, 107.737, 126.650, 142.505, 154.892, 163.118, 170.354, 174.399, 176.002, 178.632, 177.425, 172.032, 164.065, 154.690, 142.255, 135.317, 132.330, 123.891, 111.766, 102.299,  95.654
TOU-GS      , 07/01/2015,  95.155,  92.816,  93.264,  99.120, 113.380, 132.664, 147.907, 159.286, 167.658, 174.979, 179.083, 180.617, 182.579, 181.226, 176.724, 169.680, 160.625, 147.760, 140.574, 137.255, 128.287, 115.838, 105.826,  98.852
TOU-GS      , 07/02/2015,  94.222,  92.078,  92.523,  98.364, 112.725, 132.193, 147.459, 158.429, 166.258, 173.086, 176.930, 178.099, 180.272, 178.991, 174.947, 168.563, 159.808, 147.298, 140.269, 136.991, 128.234, 115.572, 106.006,  99.272
TOU-GS      , 07/03/2015,  94.399,  92.131,  92.358,  97.990, 111.221, 128.989, 142.668, 152.923, 160.404, 167.113, 170.938, 172.224, 174.259, 173.089, 169.409, 163.579, 155.498, 142.834, 135.411, 132.413, 124.077, 111.503, 101.376,  94.393
TOU-GS      , 07/04/2015,  88.571,  86.333,  85.903,  88.297,  93.718,  99.830, 104.038, 108.804, 114.092, 119.174, 122.716, 125.004, 126.960, 127.723, 127.323, 125.388, 122.003, 115.391, 109.782, 107.920, 101.654,  94.820,  89.417,  85.684
TOU-GS      , 07/05/2015,  83.562,  81.991,  81.388,  82.284,  84.705,  87.506,  92.193,  97.921, 102.987, 108.218, 112.725, 115.048, 116.543, 117.321, 117.602, 117.394, 116.083, 113.667, 110.497, 108.074, 101.885,  95.626,  90.645,  86.659
TOU-GS      , 07/06/2015,  85.254,  84.809,  86.890,  94.829, 110.875, 130.488, 146.535, 158.841, 167.593, 175.059, 179.412, 180.968, 183.177, 182.137, 177.945, 171.020, 161.720, 148.124, 140.185, 136.721, 127.812, 115.207, 105.525,  98.653
TOU-GS      , 07/07/2015,  94.221,  92.056,  92.568,  98.435, 112.931, 132.359, 148.046, 159.786, 168.178, 175.663, 179.891, 181.175, 183.147, 181.734, 177.391, 170.607, 161.291, 148.035, 140.482, 137.110, 128.172, 115.479, 105.695,  98.731
TOU-GS      , 07/08/2015,  95.155,  92.816,  93.264,  99.120, 113.380, 132.664, 147.907, 159.286, 167.658, 174.979, 179.083, 180.617, 182.579, 181.226, 176.724, 169.680, 160.625, 147.760, 140.574, 137.255, 128.287, 115.838, 105.826,  98.852
TOU-GS      , 07/09/2015,  94.222,  92.078,  92.523,  98.364, 112.725, 132.193, 147.459, 158.429, 166.258, 173.086, 176.930, 178.099, 180.272, 178.991, 174.947, 168.563, 159.808, 147.298, 140.269, 136.991, 128.234, 115.572, 106.006,  99.272
TOU-GS      , 07/10/2015,  94.399,  92.131,  92.358,  97.990, 111.221, 128.989, 142.668, 152.923, 160.404, 167.113, 170.938, 172.224, 174.259, 173.089, 169.409, 163.579, 155.498, 142.834, 135.411, 132.413, 124.077, 111.503, 101.376,  94.393
TOU-GS      , 07/11/2015,  90.557,  88.033,  87.203,  88.925,  94.195, 100.705, 106.655, 114.193, 120.555, 125.866, 128.962, 129.999, 128.655, 127.400, 126.293, 124.821, 122.289, 119.034, 116.001, 114.572, 108.568,  99.275,  91.421,  86.383
TOU-GS      , 07/12/2015,  83.562,  81.991,  81.388,  82.284,  84.705,  87.506,  92.193,  97.921, 102.987, 108.218, 112.725, 115.048, 116.543, 117.321, 117.602, 117.394, 116.083, 113.667, 110.497, 108.074, 101.885,  95.626,  90.645,  86.659
TOU-GS      , 07/13/2015,  85.254,  84.809,  86.890,  94.829, 110.875, 130.488, 146.535, 158.841, 167.593, 175.059, 179.412, 180.968, 183.177, 182.137, 177.945, 171.020, 161.720, 148.124, 140.185, 136.721, 127.812, 115.207, 105.525,  98.653
TOU-GS      , 07/14/2015,  94.221,  92.056,  92.568,  98.435, 112.931, 132.359, 148.046, 159.786, 168.178, 175.663, 179.891, 181.175, 183.147, 181.734, 177.391, 170.607, 161.291, 148.035, 140.482, 137.110, 128.172, 115.479, 105.695,  98.731
TOU-GS      , 07/15/2015,  95.155,  92.816,  93.264,  99.120, 113.380, 132.664, 147.907, 159.286, 167.658, 174.979, 179.083, 180.617, 182.579, 181.226, 176.724, 169.680, 160.625, 147.760, 140.574, 137.255, 128.287, 115.838, 105.826,  98.852
TOU-GS      , 07/16/2015,  94.222,  92.078,  92.523,  98.364, 112.725, 132.193, 147.459, 158.429, 166.258, 173.086, 176.930, 178.099, 180.272, 178.991, 174.947, 168.563, 159.808, 147.298, 140.269, 136.991, 128.234, 115.572, 106.006,  99.272
TOU-GS      , 07/17/2015,  94.399,  92.131,  92.358,  97.990, 111.221, 128.989, 142.668, 152.923, 160.404, 167.113, 170.938, 172.224, 174.259, 173.089, 169.409, 163.579, 155.498, 142.834, 135.411, 132.413, 124.077, 111.503, 101.376,  94.393
TOU-GS      , 07/18/2015,  90.557,  88.033,  87.203,  88.925,  94.195, 100.705, 106.655, 114.193, 120.555, 125.866, 128.962, 129.999, 128.655, 127.400, 126.293, 124.821, 122.289, 119.034, 116.001, 114.572, 108.568,  99.275,  91.421,  86.383
TOU-GS      , 07/19/2015,  83.562,  81.991,  81.388,  82.284,  84.705,  87.506,  92.193,  97.921, 102.987, 108.218, 112.725, 115.048, 116.543, 117.321, 117.602, 117.394, 116.083, 113.667, 110.497, 108.074, 101.885,  95.626,  90.645,  86.659
TOU-GS      , 07/20/2015,  85.254,  84.809,  86.890,  94.829, 110.875, 130.488, 146.535, 158.841, 167.593, 175.059, 179.412, 180.968, 183.177, 182.137, 177.945, 171.020, 161.720, 148.124, 140.185, 136.721, 127.812, 115.207, 105.525,  98.653
TOU-GS      , 07/21/2015,  94.221,  92.056,  92.568,  98.435, 112.931, 132.359, 148.046, 159.786, 168.178, 175.663, 179.891, 181.175, 183.147, 181.734, 177.391, 170.607, 161.291, 148.035, 140.482, 137.110, 128.172, 115.479, 105.695,  98.731
TOU-GS      , 07/22/2015,  95.155,  92.816,  93.264,  99.120, 113.380, 132.664, 147.907, 159.286, 167.658, 174.979, 179.083, 180.617, 182.579, 181.226, 176.724, 169.680, 160.625, 147.760, 140.574, 137.255, 128.287, 115.838, 105.826,  98.852
TOU-GS      , 07/23/2015,  94.222,  92.078,  92.523,  98.364, 112.725, 132.193, 147.459, 158.429, 166.258, 173.086, 176.930, 178.099, 180.272, 178.991, 174.947, 168.563, 159.808, 147.298, 140.269, 136.991, 128.234, 115.572, 106.006,  99.272
TOU-GS      , 07/24/2015,  94.399,  92.131,  92.358,  97.990, 111.221, 128.989, 142.668, 152.923, 160.404, 167.113, 170.938, 172.224, 174.259, 173.089, 169.409, 163.579, 155.498, 142.834, 135.411, 132.413, 124.077, 111.503, 101.376,  94.393
TOU-GS      , 07/25/2015,  90.557,  88.033,  87.203,  88.925,  94.195, 100.705, 106.655, 114.193, 120.555, 125.866, 128.962, 129.999, 128.655, 127.400, 126.293, 124.821, 122.289, 119.034, 116.001, 114.572, 108.568,  99.275,  91.421,  86.383
TOU-GS      , 07/26/2015,  83.562,  81.991,  81.388,  82.284,  84.705,  87.506,  92.193,  97.921, 102.987, 108.218, 112.725, 115.048, 116.543, 117.321, 117.602, 117.394, 116.083, 113.667, 110.497, 108.074, 101.885,  95.626,  90.645,  86.659
TOU-GS      , 07/27/2015,  85.254,  84.809,  86.890,  94.829, 110.875, 130.488, 146.535, 158.841, 167.593, 175.059, 179.412, 180.968, 183.177, 182.137, 177.945, 171.020, 161.720, 148.124, 140.185, 136.721, 127.812, 115.207, 105.525,  98.653
TOU-GS      , 07/28/2015,  94.221,  92.056,  92.568,  98.435, 112.931, 132.359, 148.046, 159.786, 168.178, 175.663, 179.891, 181.175, 183.147, 181.734, 177.391, 170.607, 161.291, 148.035, 140.482, 137.110, 128.172, 115.479, 105.695,  98.731
TOU-GS      , 07/29/2015,  95.155,  92.816,  93.264,  99.120, 113.380, 132.664, 147.907, 159.286, 167.658, 174.979, 179.083, 180.617, 182.579, 181.226, 176.724, 169.680, 160.625, 147.760, 140.574, 137.255, 128.287, 115.838, 105.826,  98.852
TOU-GS      , 07/30/2015,  94.222,  92.078,  92.523,  98.364, 112.725, 132.193, 147.459, 158.429, 166.258, 173.086, 176.930, 178.099, 180.272, 178.991, 174.947, 168.563, 159.808, 147.298, 140.269, 136.991, 128.234, 115.572, 106.006,  99.272
TOU-GS      , 07/31/2015,  94.399,  92.131,  92.358,  97.990, 111.221, 128.989, 142.668, 152.923, 160.404, 167.113, 170.938, 172.224, 174.259, 173.089, 169.409, 163.579, 155.498, 142.834, 135.411, 132.413, 124.077, 111.503, 101.376,  94.393
TOU-GS      , 08/01/2015,  93.452,  90.878,  90.220,  92.104,  98.005, 105.584, 110.729, 118.343, 124.756, 130.211, 133.537, 134.877, 133.632, 132.359, 130.974, 129.089, 125.967, 121.986, 119.873, 117.489, 111.069, 101.790,  93.677,  88.420
TOU-GS      , 08/02/2015,  85.157,  83.643,  83.142,  84.091,  86.859,  90.217,  94.307, 100.311, 105.784, 111.753, 117.005, 119.804, 121.448, 122.348, 122.484, 121.870, 120.150, 117.191, 114.621, 111.066, 104.369,  97.674,  92.493,  88.561
TOU-GS      , 08/03/2015,  86.666,  86.214,  88.378,  96.739, 113.867, 135.934, 154.879, 170.446, 180.624, 189.784, 195.859, 198.842, 202.346, 200.476, 192.902, 181.592, 169.642, 153.767, 145.953, 140.791, 130.769, 117.700, 107.737, 100.628
TOU-GS      , 08/04/2015,  96.702,  94.454,  95.020, 101.350, 116.926, 138.856, 157.154, 172.435, 182.908, 192.175, 198.108, 200.843, 204.175, 202.065, 194.143, 182.524, 170.730, 155.117, 147.612, 142.113, 131.779, 118.528, 108.380, 101.200
TOU-GS      , 08/05/2015,  97.191,  94.873,  95.313, 101.630, 117.000, 138.565, 156.684, 171.892, 182.207, 191.316, 197.082, 199.495, 202.770, 200.829, 193.455, 182.392, 170.699, 155.399, 147.913, 142.306, 131.801, 118.726, 108.434, 101.324
TOU-GS      , 08/06/2015,  97.242,  94.790,  95.201, 101.403, 116.556, 137.754, 155.745, 171.016, 181.334, 190.441, 196.390, 198.909, 202.206, 199.606, 191.823, 180.750, 169.784, 155.022, 147.633, 142.005, 131.798, 118.581, 108.442, 101.381
TOU-GS      , 08/07/2015,  97.425,  94.964,  95.323, 101.517, 116.256, 136.970, 153.823, 168.373, 178.247, 186.671, 191.511, 193.150, 195.809, 193.307, 185.391, 174.789, 163.927, 149.160, 142.427, 137.859, 128.377, 115.371, 104.688,  97.331
TOU-GS      , 08/08/2015,  93.452,  90.878,  90.220,  92.104,  98.005, 105.584, 110.729, 118.343, 124.756, 130.211, 133.537, 134.877, 133.632, 132.359, 130.974, 129.089, 125.967, 121.986, 119.873, 117.489, 111.069, 101.790,  93.677,  88.420
TOU-GS      , 08/09/2015,  85.157,  83.643,  83.142,  84.091,  86.859,  90.217,  94.307, 100.311, 105.784, 111.753, 117.005, 119.804, 121.448, 122.348, 122.484, 121.870, 120.150, 117.191, 114.621, 111.066, 104.369,  97.674,  92.493,  88.561
TOU-GS      , 08/10/2015,  86.666,  86.214,  88.378,  96.739, 113.867, 135.934, 154.879, 170.446, 180.624, 189.784, 195.859, 198.842, 202.346, 200.476, 192.902, 181.592, 169.642, 153.767, 145.953, 140.791, 130.769, 117.700, 107.737, 100.628
TOU-GS      , 08/11/2015,  96.702,  94.454,  95.020, 101.350, 116.926, 138.856, 157.154, 172.435, 182.908, 192.175, 198.108, 200.843, 204.175, 202.065, 194.143, 182.524, 170.730, 155.117, 147.612, 142.113, 131.779, 118.528, 108.380, 101.200
TOU-GS      , 08/12/2015,  97.191,  94.873,  95.313, 101.630, 117.000, 138.565, 156.684, 171.892, 182.207, 191.316, 197.082, 199.495, 202.770, 200.829, 193.455, 182.392, 170.699, 155.399, 147.913, 142.306, 131.801, 118.726, 108.434, 101.324
TOU-GS      , 08/13/2015,  97.242,  94.790,  95.201, 101.403, 116.556, 137.754, 155.745, 171.016, 181.334, 190.441, 196.390, 198.909, 202.206, 199.606, 191.823, 180.750, 169.784, 155.022, 147.633, 142.005, 131.798, 118.581, 108.442, 101.381
TOU-GS      , 08/14/2015,  97.425,  94.964,  95.323, 101.517, 116.256, 136.970, 153.823, 168.373, 178.247, 186.671, 191.511, 193.150, 195.809, 193.307, 185.391, 174.789, 163.927, 149.160, 142.427, 137.859, 128.377, 115.371, 104.688,  97.331
TOU-GS      , 08/15/2015,  93.452,  90.878,  90.220,  92.104,  98.005, 105.584, 110.729, 118.343, 124.756, 130.211, 133.537, 134.877, 133.632, 132.359, 130.974, 129.089, 125.967, 121.986, 119.873, 117.489, 111.069, 101.790,  93.677,  88.420
TOU-GS      , 08/16/2015,  85.157,  83.643,  83.142,  84.091,  86.859,  90.217,  94.307, 100.311, 105.784, 111.753, 117.005, 119.804, 121.448, 122.348, 122.484, 121.870, 120.150, 117.191, 114.621, 111.066, 104.369,  97.674,  92.493,  88.561
TOU-GS      , 08/17/2015,  86.666,  86.214,  88.378,  96.739, 113.867, 135.934, 154.879, 170.446, 180.624, 189.784, 195.859, 198.842, 202.346, 200.476, 192.902, 181.592, 169.642, 153.767, 145.953, 140.791, 130.769, 117.700, 107.737, 100.628
TOU-GS      , 08/18/2015,  96.702,  94.454,  95.020, 101.350, 116.926, 138.856, 157.154, 172.435, 182.908, 192.175, 198.108, 200.843, 204.175, 202.065, 194.143, 182.524, 170.730, 155.117, 147.612, 142.113, 131.779, 118.528, 108.380, 101.200
TOU-GS      , 08/19/2015,  97.191,  94.873,  95.313, 101.630, 117.000, 138.565, 156.684, 171.892, 182.207, 191.316, 197.082, 199.495, 202.770, 200.829, 193.455, 182.392, 170.699, 155.399, 147.913, 142.306, 131.801, 118.726, 108.434, 101.324
TOU-GS      , 08/20/2015,  97.242,  94.790,  95.201, 101.403, 116.556, 137.754, 155.745, 171.016, 181.334, 190.441, 196.390, 198.909, 202.206, 199.606, 191.823, 180.750, 169.784, 155.022, 147.633, 142.005, 131.798, 118.581, 108.442, 101.381
TOU-GS      , 08/21/2015,  97.425,  94.964,  95.323, 101.517, 116.256, 136.970, 153.823, 168.373, 178.247, 186.671, 191.511, 193.150, 195.809, 193.307, 185.391, 174.789, 163.927, 149.160, 142.427, 137.859, 128.377, 115.371, 104.688,  97.331
TOU-GS      , 08/22/2015,  93.452,  90.878,  90.220,  92.104,  98.005, 105.584, 110.729, 118.343, 124.756, 130.211, 133.537, 134.877, 133.632, 132.359, 130.974, 129.089, 125.967, 121.986, 119.873, 117.489, 111.069, 101.790,  93.677,  88.420
TOU-GS      , 08/23/2015,  85.157,  83.643,  83.142,  84.091,  86.859,  90.217,  94.307, 100.311, 105.784, 111.753, 117.005, 119.804, 121.448, 122.348, 122.484, 121.870, 120.150, 117.191, 114.621, 111.066, 104.369,  97.674,  92.493,  88.561
TOU-GS      , 08/24/2015,  86.666,  86.214,  88.378,  96.739, 113.867, 135.934, 154.879, 170.446, 180.624, 189.784, 195.859, 198.842, 202.346, 200.476, 192.902, 181.592, 169.642, 153.767, 145.953, 140.791, 130.769, 117.700, 107.737, 100.628
TOU-GS      , 08/25/2015,  96.702,  94.454,  95.020, 101.350, 116.926, 138.856, 157.154, 172.435, 182.908, 192.175, 198.108, 200.843, 204.175, 202.065, 194.143, 182.524, 170.730, 155.117, 147.612, 142.113, 131.779, 118.528, 108.380, 101.200
TOU-GS      , 08/26/2015,  97.191,  94.873,  95.313, 101.630, 117.000, 138.565, 156.684, 171.892, 182.207, 191.316, 197.082, 199.495, 202.770, 200.829, 193.455, 182.392, 170.699, 155.399, 147.913, 142.306, 131.801, 118.726, 108.434, 101.324
TOU-GS      , 08/27/2015,  97.242,  94.790,  95.201, 101.403, 116.556, 137.754, 155.745, 171.016, 181.334, 190.441, 196.390, 198.909, 202.206, 199.606, 191.823, 180.750, 169.784, 155.022, 147.633, 142.005, 131.798, 118.581, 108.442, 101.381
TOU-GS      , 08/28/2015,  97.425,  94.964,  95.323, 101.517, 116.256, 136.970, 153.823, 168.373, 178.247, 186.671, 191.511, 193.150, 195.809, 193.307, 185.391, 174.789, 163.927, 149.160, 142.427, 137.859, 128.377, 115.371, 104.688,  97.331
TOU-GS      , 08/29/2015,  93.452,  90.878,  90.220,  92.104,  98.005, 105.584, 110.729, 118.343, 124.756, 130.211, 133.537, 134.877, 133.632, 132.359, 130.974, 129.089, 125.967, 121.986, 119.873, 117.489, 111.069, 101.790,  93.677,  88.420
TOU-GS      , 08/30/2015,  85.157,  83.643,  83.142,  84.091,  86.859,  90.217,  94.307, 100.311, 105.784, 111.753, 117.005, 119.804, 121.448, 122.348, 122.484, 121.870, 120.150, 117.191, 114.621, 111.066, 104.369,  97.674,  92.493,  88.561
TOU-GS      , 08/31/2015,  86.666,  86.214,  88.378,  96.739, 113.867, 135.934, 154.879, 170.446, 180.624, 189.784, 195.859, 198.842, 202.346, 200.476, 192.902, 181.592, 169.642, 153.767, 145.953, 140.791, 130.769, 117.700, 107.737, 100.628
TOU-GS      , 09/01/2015,  93.252,  91.549,  92.511,  99.311, 115.193, 138.569, 156.816, 175.250, 186.597, 196.148, 202.394, 205.283, 209.324, 206.625, 196.029, 182.330, 169.094, 153.713, 148.402, 140.496, 130.059, 116.966, 106.963, 100.092
TOU-GS      , 09/02/2015,  96.338,  94.231,  94.889, 101.300, 116.814, 140.123, 157.923, 175.135, 185.494, 194.045, 199.813, 202.308, 205.683, 202.779, 193.090, 180.261, 167.867, 153.505, 148.604, 140.526, 129.874, 117.177, 106.953,  99.963
TOU-GS      , 09/03/2015,  96.000,  93.804,  94.324, 100.447, 115.454, 137.888, 155.313, 172.968, 184.102, 193.636, 200.218, 203.321, 207.791, 205.552, 195.554, 182.146, 169.254, 154.526, 149.042, 140.563, 129.743, 116.463, 106.364,  99.520
TOU-GS      , 09/04/2015,  95.688,  93.415,  93.827,  99.774, 114.059, 135.615, 152.116, 169.472, 180.778, 189.871, 195.457, 197.493, 200.783, 197.426, 186.851, 173.763, 161.567, 147.569, 142.766, 135.722, 126.122, 113.317, 102.720,  95.472
TOU-GS      , 09/05/2015,  92.036,  89.550,  88.913,  90.807,  96.526, 104.725, 108.423, 116.112, 122.786, 128.140, 131.119, 132.158, 130.758, 129.615, 128.250, 126.416, 123.046, 119.659, 119.249, 114.610, 108.197,  99.301,  91.510,  86.424
TOU-GS      , 09/06/2015,  84.479,  82.973,  82.418,  83.346,  86.100,  90.478,  92.877,  98.762, 104.244, 110.102, 115.410, 118.261, 119.894, 120.731, 120.966, 120.516, 118.508, 115.883, 114.987, 109.096, 102.430,  95.958,  90.910,  87.144
TOU-GS      , 09/07/2015,  84.773,  83.772,  84.259,  87.929,  95.327, 104.358, 108.131, 113.463, 119.326, 125.714, 130.799, 133.970, 137.048, 138.723, 138.078, 135.284, 130.779, 123.042, 120.859, 116.326, 109.537, 100.357,  93.902,  89.786
TOU-GS      , 09/08/2015,  93.252,  91.549,  92.511,  99.311, 115.193, 138.569, 156.816, 175.250, 186.597, 196.148, 202.394, 205.283, 209.324, 206.625, 196.029, 182.330, 169.094, 153.713, 148.402, 140.496, 130.059, 116.966, 106.963, 100.092
TOU-GS      , 09/09/2015,  96.338,  94.231,  94.889, 101.300, 116.814, 140.123, 157.923, 175.135, 185.494, 194.045, 199.813, 202.308, 205.683, 202.779, 193.090, 180.261, 167.867, 153.505, 148.604, 140.526, 129.874, 117.177, 106.953,  99.963
TOU-GS      , 09/10/2015,  96.000,  93.804,  94.324, 100.447, 115.454, 137.888, 155.313, 172.968, 184.102, 193.636, 200.218, 203.321, 207.791, 205.552, 195.554, 182.146, 169.254, 154.526, 149.042, 140.563, 129.743, 116.463, 106.364,  99.520
TOU-GS      , 09/11/2015,  95.688,  93.415,  93.827,  99.774, 114.059, 135.615, 152.116, 169.472, 180.778, 189.871, 195.457, 197.493, 200.783, 197.426, 186.851, 173.763, 161.567, 147.569, 142.766, 135.722, 126.122, 113.317, 102.720,  95.472
TOU-GS      , 09/12/2015,  92.036,  89.550,  88.913,  90.807,  96.526, 104.725, 108.423, 116.112, 122.786, 128.140, 131.119, 132.158, 130.758, 129.615, 128.250, 126.416, 123.046, 119.659, 119.249, 114.610, 108.197,  99.301,  91.510,  86.424
TOU-GS      , 09/13/2015,  84.479,  82.973,  82.418,  83.346,  86.100,  90.478,  92.877,  98.762, 104.244, 110.102, 115.410, 118.261, 119.894, 120.731, 120.966, 120.516, 118.508, 115.883, 114.987, 109.096, 102.430,  95.958,  90.910,  87.144
TOU-GS      , 09/14/2015,  85.288,  85.068,  87.294,  95.590, 112.676, 135.775, 153.954, 172.408, 183.640, 192.732, 198.763, 201.395, 205.356, 202.723, 192.315, 179.435, 166.464, 151.128, 145.642, 137.746, 127.780, 114.982, 105.130,  98.325
TOU-GS      , 09/15/2015,  93.252,  91.549,  92.511,  99.311, 115.193, 138.569, 156.816, 175.250, 186.597, 196.148, 202.394, 205.283, 209.324, 206.625, 196.029, 182.330, 169.094, 153.713, 148.402, 140.496, 130.059, 116.966, 106.963, 100.092
TOU-GS      , 09/16/2015,  96.338,  94.231,  94.889, 101.300, 116.814, 140.123, 157.923, 175.135, 185.494, 194.045, 199.813, 202.308, 205.683, 202.779, 193.090, 180.261, 167.867, 153.505, 148.604, 140.526, 129.874, 117.177, 106.953,  99.963
TOU-GS      , 09/17/2015,  96.000,  93.804,  94.324, 100.447, 115.454, 137.888, 155.313, 172.968, 184.102, 193.636, 200.218, 203.321, 207.791, 205.552, 195.554, 182.146, 169.254, 154.526, 149.042, 140.563, 129.743, 116.463, 106.364,  99.520
TOU-GS      , 09/18/2015,  95.688,  93.415,  93.827,  99.774, 114.059, 135.615, 152.116, 169.472, 180.778, 189.871, 195.457, 197.493, 200.783, 197.426, 186.851, 173.763, 161.567, 147.569, 142.766, 135.722, 126.122, 113.317, 102.720,  95.472
TOU-GS      , 09/19/2015,  92.036,  89.550,  88.913,  90.807,  96.526, 104.725, 108.423, 116.112, 122.786, 128.140, 131.119, 132.158, 130.758, 129.615, 128.250, 126.416, 123.046, 119.659, 119.249, 114.610, 108.197,  99.301,  91.510,  86.424
TOU-GS      , 09/20/2015,  84.479,  82.973,  82.418,  83.346,  86.100,  90.478,  92.877,  98.762, 104.244, 110.102, 115.410, 118.261, 119.894, 120.731, 120.966, 120.516, 118.508, 115.883, 114.987, 109.096, 102.430,  95.958,  90.910,  87.144
TOU-GS      , 09/21/2015,  85.288,  85.068,  87.294,  95.590, 112.676, 135.775, 153.954, 172.408, 183.640, 192.732, 198.763, 201.395, 205.356, 202.723, 192.315, 179.435, 166.464, 151.128, 145.642, 137.746, 127.780, 114.982, 105.130,  98.325
TOU-GS      , 09/22/2015,  93.252,  91.549,  92.511,  99.311, 115.193, 138.569, 156.816, 175.250, 186.597, 196.148, 202.394, 205.283, 209.324, 206.625, 196.029, 182.330, 169.094, 153.713, 148.402, 140.496, 130.059, 116.966, 106.963, 100.092
TOU-GS      , 09/23/2015,  96.338,  94.231,  94.889, 101.300, 116.814, 140.123, 157.923, 175.135, 185.494, 194.045, 199.813, 202.308, 205.683, 202.779, 193.090, 180.261, 167.867, 153.505, 148.604, 140.526, 129.874, 117.177, 106.953,  99.963
TOU-GS      , 09/24/2015,  96.000,  93.804,  94.324, 100.447, 115.454, 137.888, 155.313, 172.968, 184.102, 193.636, 200.218, 203.321, 207.791, 205.552, 195.554, 182.146, 169.254, 154.526, 149.042, 140.563, 129.743, 116.463, 106.364,  99.520
TOU-GS      , 09/25/2015,  95.688,  93.415,  93.827,  99.774, 114.059, 135.615, 152.116, 169.472, 180.778, 189.871, 195.457, 197.493, 200.783, 197.426, 186.851, 173.763, 161.567, 147.569, 142.766, 135.722, 126.122, 113.317, 102.720,  95.472
TOU-GS      , 09/26/2015,  92.036,  89.550,  88.913,  90.807,  96.526, 104.725, 108.423, 116.112, 122.786, 128.140, 131.119, 132.158, 130.758, 129.615, 128.250, 126.416, 123.046, 119.659, 119.249, 114.610, 108.197,  99.301,  91.510,  86.424
TOU-GS      , 09/27/2015,  84.479,  82.973,  82.418,  83.346,  86.100,  90.478,  92.877,  98.762, 104.244, 110.102, 115.410, 118.261, 119.894, 120.731, 120.966, 120.516, 118.508, 115.883, 114.987, 109.096, 102.430,  95.958,  90.910,  87.144
TOU-GS      , 09/28/2015,  85.288,  85.068,  87.294,  95.590, 112.676, 135.775, 153.954, 172.408, 183.640, 192.732, 198.763, 201.395, 205.356, 202.723, 192.315, 179.435, 166.464, 151.128, 145.642, 137.746, 127.780, 114.982, 105.130,  98.325
TOU-GS      , 09/29/2015,  93.252,  91.549,  92.511,  99.311, 115.193, 138.569, 156.816, 175.250, 186.597, 196.148, 202.394, 205.283, 209.324, 206.625, 196.029, 182.330, 169.094, 153.713, 148.402, 140.496, 130.059, 116.966, 106.963, 100.092
TOU-GS      , 09/30/2015,  96.338,  94.231,  94.889, 101.300, 116.814, 140.123, 157.923, 175.135, 185.494, 194.045, 199.813, 202.308, 205.683, 202.779, 193.090, 180.261, 167.867, 153.505, 148.604, 140.526, 129.874, 117.177, 106.953,  99.963
TOU-GS      , 10/01/2015,  90.017,  88.084,  88.417,  93.880, 107.662, 129.335, 143.775, 156.405, 163.785, 169.972, 174.234, 176.255, 179.425, 177.484, 169.431, 158.977, 148.735, 140.581, 134.810, 127.863, 119.113, 107.722,  98.773,  92.639
TOU-GS      , 10/02/2015,  89.646,  87.571,  87.849,  93.067, 106.081, 126.371, 139.583, 152.057, 160.045, 166.672, 171.087, 173.419, 177.070, 174.980, 166.417, 156.069, 146.195, 137.645, 131.666, 125.310, 116.956, 105.474,  95.734,  89.182
TOU-GS      , 10/03/2015,  85.945,  83.833,  83.313,  85.146,  90.680,  99.341, 101.268, 106.312, 111.361, 115.873, 118.543, 119.665, 118.742, 117.812, 116.721, 115.161, 112.617, 112.827, 111.033, 106.539, 100.917,  92.895,  85.875,  81.421
TOU-GS      , 10/04/2015,  79.116,  77.908,  77.545,  78.508,  81.205,  86.326,  87.467,  90.951,  94.791,  99.372, 103.656, 106.260, 107.959, 108.897, 109.084, 108.699, 107.439, 108.399, 106.120, 100.477,  94.909,  89.339,  84.936,  81.615
TOU-GS      , 10/05/2015,  80.766,  80.467,  82.183,  89.316, 104.830, 126.775, 141.633, 155.852, 165.049, 173.098, 178.603, 181.732, 185.593, 183.704, 174.866, 163.427, 152.324, 142.401, 135.791, 128.741, 119.864, 108.384,  99.309,  93.055
TOU-GS      , 10/06/2015,  89.912,  87.883,  88.300,  93.756, 107.803, 129.509, 144.050, 157.502, 166.073, 173.398, 178.372, 181.317, 184.889, 182.764, 174.073, 162.674, 152.078, 143.207, 137.249, 130.189, 121.042, 109.402, 100.125,  93.794
TOU-GS      , 10/07/2015,  90.368,  88.362,  88.803,  94.325, 108.369, 130.032, 144.456, 157.498, 165.534, 172.166, 176.333, 178.634, 181.532, 179.339, 171.477, 161.053, 150.840, 142.309, 136.101, 128.964, 119.863, 108.756,  99.550,  93.279
TOU-GS      , 10/08/2015,  90.017,  88.084,  88.417,  93.880, 107.662, 129.335, 143.775, 156.405, 163.785, 169.972, 174.234, 176.255, 179.425, 177.484, 169.431, 158.977, 148.735, 140.581, 134.810, 127.863, 119.113, 107.722,  98.773,  92.639
TOU-GS      , 10/09/2015,  89.646,  87.571,  87.849,  93.067, 106.081, 126.371, 139.583, 152.057, 160.045, 166.672, 171.087, 173.419, 177.070, 174.980, 166.417, 156.069, 146.195, 137.645, 131.666, 125.310, 116.956, 105.474,  95.734,  89.182
TOU-GS      , 10/10/2015,  85.945,  83.833,  83.313,  85.146,  90.680,  99.341, 101.268, 106.312, 111.361, 115.873, 118.543, 119.665, 118.742, 117.812, 116.721, 115.161, 112.617, 112.827, 111.033, 106.539, 100.917,  92.895,  85.875,  81.421
TOU-GS      , 10/11/2015,  79.116,  77.908,  77.545,  78.508,  81.205,  86.326,  87.467,  90.951,  94.791,  99.372, 103.656, 106.260, 107.959, 108.897, 109.084, 108.699, 107.439, 108.399, 106.120, 100.477,  94.909,  89.339,  84.936,  81.615
TOU-GS      , 10/12/2015,  80.766,  80.467,  82.183,  89.316, 104.830, 126.775, 141.633, 155.852, 165.049, 173.098, 178.603, 181.732, 185.593, 183.704, 174.866, 163.427, 152.324, 142.401, 135.791, 128.741, 119.864, 108.384,  99.309,  93.055
TOU-GS      , 10/13/2015,  89.912,  87.883,  88.300,  93.756, 107.803, 129.509, 144.050, 157.502, 166.073, 173.398, 178.372, 181.317, 184.889, 182.764, 174.073, 162.674, 152.078, 143.207, 137.249, 130.189, 121.042, 109.402, 100.125,  93.794
TOU-GS      , 10/14/2015,  90.368,  88.362,  88.803,  94.325, 108.369, 130.032, 144.456, 157.498, 165.534, 172.166, 176.333, 178.634, 181.532, 179.339, 171.477, 161.053, 150.840, 142.309, 136.101, 128.964, 119.863, 108.756,  99.550,  93.279
TOU-GS      , 10/15/2015,  90.017,  88.084,  88.417,  93.880, 107.662, 129.335, 143.775, 156.405, 163.785, 169.972, 174.234, 176.255, 179.425, 177.484, 169.431, 158.977, 148.735, 140.581, 134.810, 127.863, 119.113, 107.722,  98.773,  92.639
TOU-GS      , 10/16/2015,  89.646,  87.571,  87.849,  93.067, 106.081, 126.371, 139.583, 152.057, 160.045, 166.672, 171.087, 173.419, 177.070, 174.980, 166.417, 156.069, 146.195, 137.645, 131.666, 125.310, 116.956, 105.474,  95.734,  89.182
TOU-GS      , 10/17/2015,  85.945,  83.833,  83.313,  85.146,  90.680,  99.341, 101.268, 106.312, 111.361, 115.873, 118.543, 119.665, 118.742, 117.812, 116.721, 115.161, 112.617, 112.827, 111.033, 106.539, 100.917,  92.895,  85.875,  81.421
TOU-GS      , 10/18/2015,  79.116,  77.908,  77.545,  78.508,  81.205,  86.326,  87.467,  90.951,  94.791,  99.372, 103.656, 106.260, 107.959, 108.897, 109.084, 108.699, 107.439, 108.399, 106.120, 100.477,  94.909,  89.339,  84.936,  81.615
TOU-GS      , 10/19/2015,  80.766,  80.467,  82.183,  89.316, 104.830, 126.775, 141.633, 155.852, 165.049, 173.098, 178.603, 181.732, 185.593, 183.704, 174.866, 163.427, 152.324, 142.401, 135.791, 128.741, 119.864, 108.384,  99.309,  93.055
TOU-GS      , 10/20/2015,  89.912,  87.883,  88.300,  93.756, 107.803, 129.509, 144.050, 157.502, 166.073, 173.398, 178.372, 181.317, 184.889, 182.764, 174.073, 162.674, 152.078, 143.207, 137.249, 130.189, 121.042, 109.402, 100.125,  93.794
TOU-GS      , 10/21/2015,  90.368,  88.362,  88.803,  94.325, 108.369, 130.032, 144.456, 157.498, 165.534, 172.166, 176.333, 178.634, 181.532, 179.339, 171.477, 161.053, 150.840, 142.309, 136.101, 128.964, 119.863, 108.756,  99.550,  93.279
TOU-GS      , 10/22/2015,  90.017,  88.084,  88.417,  93.880, 107.662, 129.335, 143.775, 156.405, 163.785, 169.972, 174.234, 176.255, 179.425, 177.484, 169.431, 158.977, 148.735, 140.581, 134.810, 127.863, 119.113, 107.722,  98.773,  92.639
TOU-GS      , 10/23/2015,  89.646,  87.571,  87.849,  93.067, 106.081, 126.371, 139.583, 152.057, 160.045, 166.672, 171.087, 173.419, 177.070, 174.980, 166.417, 156.069, 146.195, 137.645, 131.666, 125.310, 116.956, 105.474,  95.734,  89.182
TOU-GS      , 10/24/2015,  85.945,  83.833,  83.313,  85.146,  90.680,  99.341, 101.268, 106.312, 111.361, 115.873, 118.543, 119.665, 118.742, 117.812, 116.721, 115.161, 112.617, 112.827, 111.033, 106.539, 100.917,  92.895,  85.875,  81.421
TOU-GS      , 10/25/2015,  79.116,  77.908,  77.545,  78.508,  81.205,  86.326,  87.467,  90.951,  94.791,  99.372, 103.656, 106.260, 107.959, 108.897, 109.084, 108.699, 107.439, 108.399, 106.120, 100.477,  94.909,  89.339,  84.936,  81.615
TOU-GS      , 10/26/2015,  80.766,  80.467,  82.183,  89.316, 104.830, 126.775, 141.633, 155.852, 165.049, 173.098, 178.603, 181.732, 185.593, 183.704, 174.866, 163.427, 152.324, 142.401, 135.791, 128.741, 119.864, 108.384,  99.309,  93.055
TOU-GS      , 10/27/2015,  89.912,  87.883,  88.300,  93.756, 107.803, 129.509, 144.050, 157.502, 166.073, 173.398, 178.372, 181.317, 184.889, 182.764, 174.073, 162.674, 152.078, 143.207, 137.249, 130.189, 121.042, 109.402, 100.125,  93.794
TOU-GS      , 10/28/2015,  90.368,  88.362,  88.803,  94.325, 108.369, 130.032, 144.456, 157.498, 165.534, 172.166, 176.333, 178.634, 181.532, 179.339, 171.477, 161.053, 150.840, 142.309, 136.101, 128.964, 119.863, 108.756,  99.550,  93.279
TOU-GS      , 10/29/2015,  90.017,  88.084,  88.417,  93.880, 107.662, 129.335, 143.775, 156.405, 163.785, 169.972, 174.234, 176.255, 179.425, 177.484, 169.431, 158.977, 148.735, 140.581, 134.810, 127.863, 119.113, 107.722,  98.773,  92.639
TOU-GS      , 10/30/2015,  89.646,  87.571,  87.849,  93.067, 106.081, 126.371, 139.583, 152.057, 160.045, 166.672, 171.087, 173.419, 177.070, 174.980, 166.417, 156.069, 146.195, 137.645, 131.666, 125.310, 116.956, 105.474,  95.734,  89.182
TOU-GS      , 10/31/2015,  85.945,  83.833,  83.313,  85.146,  90.680,  99.341, 101.268, 106.312, 111.361, 115.873, 118.543, 119.665, 118.742, 117.812, 116.721, 115.161, 112.617, 112.827, 111.033, 106.539, 100.917,  92.895,  85.875,  81.421
TOU-GS      , 11/01/2015,  77.805,  76.150,  75.401,  75.426,  76.752,  79.788,  83.009,  84.445,  87.842,  90.323,  93.169,  95.573,  96.797,  97.440,  97.626,  97.701,  99.070, 102.726, 100.993,  98.237,  93.615,  89.319,  84.549,  80.998
TOU-GS      , 11/02/2015,  78.624,  77.672,  77.840,  79.860,  86.885, 101.925, 121.144, 135.358, 147.282, 153.005, 158.118, 160.800, 162.074, 163.779, 161.327, 153.755, 146.316, 142.413, 132.518, 125.884, 120.174, 112.036, 103.078,  95.168
TOU-GS      , 11/03/2015,  89.335,  86.494,  85.004,  86.036,  92.300, 106.682, 125.066, 138.582, 149.470, 155.173, 160.096, 162.927, 164.432, 166.257, 163.476, 155.815, 148.136, 143.819, 133.786, 127.105, 121.001, 112.253, 103.135,  95.264
TOU-GS      , 11/04/2015,  89.784,  86.962,  85.541,  86.588,  92.845, 107.217, 125.302, 138.256, 148.777, 154.679, 159.612, 162.715, 164.266, 165.403, 162.115, 154.664, 147.142, 143.038, 133.301, 126.520, 120.334, 111.469, 102.491,  94.630
TOU-GS      , 11/05/2015,  90.170,  87.399,  86.139,  87.656,  94.765, 110.073, 128.329, 142.248, 153.505, 159.931, 165.197, 167.938, 169.281, 169.948, 165.763, 157.082, 149.056, 144.512, 134.799, 128.098, 121.582, 112.409, 103.181,  95.492
TOU-GS      , 11/06/2015,  87.278,  84.950,  84.000,  85.736,  92.590, 105.956, 120.658, 130.595, 138.552, 143.051, 146.226, 147.577, 147.996, 147.777, 144.229, 137.997, 133.113, 130.904, 123.300, 117.881, 112.638, 104.927,  96.438,  89.360
TOU-GS      , 11/07/2015,  84.026,  81.466,  80.151,  80.486,  83.368,  89.843,  95.354,  97.235, 101.291, 104.690, 106.906, 107.806, 107.400, 105.827, 104.414, 103.242, 103.724, 106.478, 104.158, 101.395,  97.790,  92.234,  86.101,  81.164
TOU-GS      , 11/08/2015,  77.805,  76.150,  75.401,  75.426,  76.752,  79.788,  83.009,  84.445,  87.842,  90.323,  93.169,  95.573,  96.797,  97.440,  97.626,  97.701,  99.070, 102.726, 100.993,  98.237,  93.615,  89.319,  84.549,  80.998
TOU-GS      , 11/09/2015,  78.624,  77.672,  77.840,  79.860,  86.885, 101.925, 121.144, 135.358, 147.282, 153.005, 158.118, 160.800, 162.074, 163.779, 161.327, 153.755, 146.316, 142.413, 132.518, 125.884, 120.174, 112.036, 103.078,  95.168
TOU-GS      , 11/10/2015,  89.335,  86.494,  85.004,  86.036,  92.300, 106.682, 125.066, 138.582, 149.470, 155.173, 160.096, 162.927, 164.432, 166.257, 163.476, 155.815, 148.136, 143.819, 133.786, 127.105, 121.001, 112.253, 103.135,  95.264
TOU-GS      , 11/11/2015,  83.163,  80.817,  79.508,  79.865,  83.608,  92.145, 101.705, 105.245, 108.735, 111.528, 114.155, 115.791, 117.021, 118.041, 116.916, 114.467, 113.009, 113.747, 108.319, 104.351, 101.277,  96.611,  91.285,  86.546
TOU-GS      , 11/12/2015,  90.170,  87.399,  86.139,  87.656,  94.765, 110.073, 128.329, 142.248, 153.505, 159.931, 165.197, 167.938, 169.281, 169.948, 165.763, 157.082, 149.056, 144.512, 134.799, 128.098, 121.582, 112.409, 103.181,  95.492
TOU-GS      , 11/13/2015,  87.278,  84.950,  84.000,  85.736,  92.590, 105.956, 120.658, 130.595, 138.552, 143.051, 146.226, 147.577, 147.996, 147.777, 144.229, 137.997, 133.113, 130.904, 123.300, 117.881, 112.638, 104.927,  96.438,  89.360
TOU-GS      , 11/14/2015,  84.026,  81.466,  80.151,  80.486,  83.368,  89.843,  95.354,  97.235, 101.291, 104.690, 106.906, 107.806, 107.400, 105.827, 104.414, 103.242, 103.724, 106.478, 104.158, 101.395,  97.790,  92.234,  86.101,  81.164
TOU-GS      , 11/15/2015,  77.805,  76.150,  75.401,  75.426,  76.752,  79.788,  83.009,  84.445,  87.842,  90.323,  93.169,  95.573,  96.797,  97.440,  97.626,  97.701,  99.070, 102.726, 100.993,  98.237,  93.615,  89.319,  84.549,  80.998
TOU-GS      , 11/16/2015,  78.624,  77.672,  77.840,  79.860,  86.885, 101.925, 121.144, 135.358, 147.282, 153.005, 158.118, 160.800, 162.074, 163.779, 161.327, 153.755, 146.316, 142.413, 132.518, 125.884, 120.174, 112.036, 103.078,  95.168
TOU-GS      , 11/17/2015,  89.335,  86.494,  85.004,  86.036,  92.300, 106.682, 125.066, 138.582, 149.470, 155.173, 160.096, 162.927, 164.432, 166.257, 163.476, 155.815, 148.136, 143.819, 133.786, 127.105, 121.001, 112.253, 103.135,  95.264
TOU-GS      , 11/18/2015,  89.784,  86.962,  85.541,  86.588,  92.845, 107.217, 125.302, 138.256, 148.777, 154.679, 159.612, 162.715, 164.266, 165.403, 162.115, 154.664, 147.142, 143.038, 133.301, 126.520, 120.334, 111.469, 102.491,  94.630
TOU-GS      , 11/19/2015,  90.170,  87.399,  86.139,  87.656,  94.765, 110.073, 128.329, 142.248, 153.505, 159.931, 165.197, 167.938, 169.281, 169.948, 165.763, 157.082, 149.056, 144.512, 134.799, 128.098, 121.582, 112.409, 103.181,  95.492
TOU-GS      , 11/20/2015,  87.278,  84.950,  84.000,  85.736,  92.590, 105.956, 120.658, 130.595, 138.552, 143.051, 146.226, 147.577, 147.996, 147.777, 144.229, 137.997, 133.113, 130.904, 123.300, 117.881, 112.638, 104.927,  96.438,  89.360
TOU-GS      , 11/21/2015,  84.026,  81.466,  80.151,  80.486,  83.368,  89.843,  95.354,  97.235, 101.291, 104.690, 106.906, 107.806, 107.400, 105.827, 104.414, 103.242, 103.724, 106.478, 104.158, 101.395,  97.790,  92.234,  86.101,  81.164
TOU-GS      , 11/22/2015,  77.805,  76.150,  75.401,  75.426,  76.752,  79.788,  83.009,  84.445,  87.842,  90.323,  93.169,  95.573,  96.797,  97.440,  97.626,  97.701,  99.070, 102.726, 100.993,  98.237,  93.615,  89.319,  84.549,  80.998
TOU-GS      , 11/23/2015,  78.624,  77.672,  77.840,  79.860,  86.885, 101.925, 121.144, 135.358, 147.282, 153.005, 158.118, 160.800, 162.074, 163.779, 161.327, 153.755, 146.316, 142.413, 132.518, 125.884, 120.174, 112.036, 103.078,  95.168
TOU-GS      , 11/24/2015,  89.335,  86.494,  85.004,  86.036,  92.300, 106.682, 125.066, 138.582, 149.470, 155.173, 160.096, 162.927, 164.432, 166.257, 163.476, 155.815, 148.136, 143.819, 133.786, 127.105, 121.001, 112.253, 103.135,  95.264
TOU-GS      , 11/25/2015,  89.784,  86.962,  85.541,  86.588,  92.845, 107.217, 125.302, 138.256, 148.777, 154.679, 159.612, 162.715, 164.266, 165.403, 162.115, 154.664, 147.142, 143.038, 133.301, 126.520, 120.334, 111.469, 102.491,  94.630
TOU-GS      , 11/26/2015,  83.163,  80.817,  79.508,  79.865,  83.608,  92.145, 101.705, 105.245, 108.735, 111.528, 114.155, 115.791, 117.021, 118.041, 116.916, 114.467, 113.009, 113.747, 108.319, 104.351, 101.277,  96.611,  91.285,  86.546
TOU-GS      , 11/27/2015,  87.278,  84.950,  84.000,  85.736,  92.590, 105.956, 120.658, 130.595, 138.552, 143.051, 146.226, 147.577, 147.996, 147.777, 144.229, 137.997, 133.113, 130.904, 123.300, 117.881, 112.638, 104.927,  96.438,  89.360
TOU-GS      , 11/28/2015,  84.026,  81.466,  80.151,  80.486,  83.368,  89.843,  95.354,  97.235, 101.291, 104.690, 106.906, 107.806, 107.400, 105.827, 104.414, 103.242, 103.724, 106.478, 104.158, 101.395,  97.790,  92.234,  86.101,  81.164
TOU-GS      , 11/29/2015,  77.805,  76.150,  75.401,  75.426,  76.752,  79.788,  83.009,  84.445,  87.842,  90.323,  93.169,  95.573,  96.797,  97.440,  97.626,  97.701,  99.070, 102.726, 100.993,  98.237,  93.615,  89.319,  84.549,  80.998
TOU-GS      , 11/30/2015,  78.624,  77.672,  77.840,  79.860,  86.885, 101.925, 121.144, 135.358, 147.282, 153.005, 158.118, 160.800, 162.074, 163.779, 161.327, 153.755, 146.316, 142.413, 132.518, 125.884, 120.174, 112.036, 103.078,  95.168
TOU-GS      , 12/01/2015,  87.895,  84.918,  83.523,  84.551,  90.063, 103.010, 121.630, 132.970, 141.988, 145.224, 147.839, 148.971, 148.801, 149.399, 146.975, 141.250, 136.407, 133.960, 124.880, 118.762, 113.776, 107.093,  99.796,  92.890
TOU-GS      , 12/02/2015,  88.310,  85.333,  84.061,  85.079,  90.874, 104.435, 123.866, 136.287, 145.515, 148.418, 150.385, 151.096, 150.991, 151.815, 149.482, 143.903, 139.184, 136.926, 128.350, 122.517, 117.616, 110.613, 102.887,  95.584
TOU-GS      , 12/03/2015,  88.061,  85.082,  83.670,  84.558,  90.132, 103.275, 122.324, 134.340, 143.276, 146.315, 148.341, 148.824, 148.396, 149.133, 147.072, 141.704, 137.035, 134.929, 126.486, 120.912, 116.055, 109.199, 101.611,  94.188
TOU-GS      , 12/04/2015,  88.136,  85.214,  83.805,  84.646,  90.023, 102.448, 120.231, 130.673, 138.963, 141.504, 143.338, 143.469, 142.573, 142.642, 139.915, 134.500, 130.549, 129.285, 121.388, 116.076, 111.633, 105.040,  97.496,  90.330
TOU-GS      , 12/05/2015,  84.731,  81.771,  80.256,  80.274,  82.517,  88.358,  96.230,  97.287, 100.210, 102.313, 103.708, 103.902, 103.163, 101.227,  99.628,  98.681, 100.095, 103.283, 100.855,  98.510,  95.869,  91.591,  86.491,  81.626
TOU-GS      , 12/06/2015,  77.861,  76.050,  75.269,  75.334,  76.657,  79.740,  84.239,  84.648,  86.574,  87.974,  89.466,  90.611,  91.248,  91.449,  91.604,  91.751,  94.333,  98.589,  97.369,  95.555,  91.975,  88.797,  84.842,  81.216
TOU-GS      , 12/07/2015,  78.548,  77.335,  77.412,  79.288,  85.739,  99.316, 117.656, 128.963, 138.019, 141.617, 144.089, 145.186, 145.220, 145.987, 143.791, 138.494, 134.208, 131.992, 123.060, 117.220, 112.446, 106.056,  99.046,  92.380
TOU-GS      , 12/08/2015,  87.895,  84.918,  83.523,  84.551,  90.063, 103.010, 121.630, 132.970, 141.988, 145.224, 147.839, 148.971, 148.801, 149.399, 146.975, 141.250, 136.407, 133.960, 124.880, 118.762, 113.776, 107.093,  99.796,  92.890
TOU-GS      , 12/09/2015,  88.310,  85.333,  84.061,  85.079,  90.874, 104.435, 123.866, 136.287, 145.515, 148.418, 150.385, 151.096, 150.991, 151.815, 149.482, 143.903, 139.184, 136.926, 128.350, 122.517, 117.616, 110.613, 102.887,  95.584
TOU-GS      , 12/10/2015,  88.061,  85.082,  83.670,  84.558,  90.132, 103.275, 122.324, 134.340, 143.276, 146.315, 148.341, 148.824, 148.396, 149.133, 147.072, 141.704, 137.035, 134.929, 126.486, 120.912, 116.055, 109.199, 101.611,  94.188
TOU-GS      , 12/11/2015,  88.136,  85.214,  83.805,  84.646,  90.023, 102.448, 120.231, 130.673, 138.963, 141.504, 143.338, 143.469, 142.573, 142.642, 139.915, 134.500, 130.549, 129.285, 121.388, 116.076, 111.633, 105.040,  97.496,  90.330
TOU-GS      , 12/12/2015,  84.731,  81.771,  80.256,  80.274,  82.517,  88.358,  96.230,  97.287, 100.210, 102.313, 103.708, 103.902, 103.163, 101.227,  99.628,  98.681, 100.095, 103.283, 100.855,  98.510,  95.869,  91.591,  86.491,  81.626
TOU-GS      , 12/13/2015,  77.861,  76.050,  75.269,  75.334,  76.657,  79.740,  84.239,  84.648,  86.574,  87.974,  89.466,  90.611,  91.248,  91.449,  91.604,  91.751,  94.333,  98.589,  97.369,  95.555,  91.975,  88.797,  84.842,  81.216
TOU-GS      , 12/14/2015,  78.548,  77.335,  77.412,  79.288,  85.739,  99.316, 117.656, 128.963, 138.019, 141.617, 144.089, 145.186, 145.220, 145.987, 143.791, 138.494, 134.208, 131.992, 123.060, 117.220, 112.446, 106.056,  99.046,  92.380
TOU-GS      , 12/15/2015,  87.895,  84.918,  83.523,  84.551,  90.063, 103.010, 121.630, 132.970, 141.988, 145.224, 147.839, 148.971, 148.801, 149.399, 146.975, 141.250, 136.407, 133.960, 124.880, 118.762, 113.776, 107.093,  99.796,  92.890
TOU-GS      , 12/16/2015,  88.310,  85.333,  84.061,  85.079,  90.874, 104.435, 123.866, 136.287, 145.515, 148.418, 150.385, 151.096, 150.991, 151.815, 149.482, 143.903, 139.184, 136.926, 128.350, 122.517, 117.616, 110.613, 102.887,  95.584
TOU-GS      , 12/17/2015,  88.061,  85.082,  83.670,  84.558,  90.132, 103.275, 122.324, 134.340, 143.276, 146.315, 148.341, 148.824, 148.396, 149.133, 147.072, 141.704, 137.035, 134.929, 126.486, 120.912, 116.055, 109.199, 101.611,  94.188
TOU-GS      , 12/18/2015,  88.136,  85.214,  83.805,  84.646,  90.023, 102.448, 120.231, 130.673, 138.963, 141.504, 143.338, 143.469, 142.573, 142.642, 139.915, 134.500, 130.549, 129.285, 121.388, 116.076, 111.633, 105.040,  97.496,  90.330
TOU-GS      , 12/19/2015,  84.731,  81.771,  80.256,  80.274,  82.517,  88.358,  96.230,  97.287, 100.210, 102.313, 103.708, 103.902, 103.163, 101.227,  99.628,  98.681, 100.095, 103.283, 100.855,  98.510,  95.869,  91.591,  86.491,  81.626
TOU-GS      , 12/20/2015,  77.861,  76.050,  75.269,  75.334,  76.657,  79.740,  84.239,  84.648,  86.574,  87.974,  89.466,  90.611,  91.248,  91.449,  91.604,  91.751,  94.333,  98.589,  97.369,  95.555,  91.975,  88.797,  84.842,  81.216
TOU-GS      , 12/21/2015,  78.548,  77.335,  77.412,  79.288,  85.739,  99.316, 117.656, 128.963, 138.019, 141.617, 144.089, 145.186, 145.220, 145.987, 143.791, 138.494, 134.208, 131.992, 123.060, 117.220, 112.446, 106.056,  99.046,  92.380
TOU-GS      , 12/22/2015,  87.895,  84.918,  83.523,  84.551,  90.063, 103.010, 121.630, 132.970, 141.988, 145.224, 147.839, 148.971, 148.801, 149.399, 146.975, 141.250, 136.407, 133.960, 124.880, 118.762, 113.776, 107.093,  99.796,  92.890
TOU-GS      , 12/23/2015,  88.310,  85.333,  84.061,  85.079,  90.874, 104.435, 123.866, 136.287, 145.515, 148.418, 150.385, 151.096, 150.991, 151.815, 149.482, 143.903, 139.184, 136.926, 128.350, 122.517, 117.616, 110.613, 102.887,  95.584
TOU-GS      , 12/24/2015,  88.061,  85.082,  83.670,  84.558,  90.132, 103.275, 122.324, 134.340, 143.276, 146.315, 148.341, 148.824, 148.396, 149.133, 147.072, 141.704, 137.035, 134.929, 126.486, 120.912, 116.055, 109.199, 101.611,  94.188
TOU-GS      , 12/25/2015,  72.313,  71.417,  71.237,  71.930,  74.227,  78.776,  83.962,  82.683,  82.621,  83.355,  84.427,  85.473,  86.377,  86.988,  87.168,  87.040,  88.389,  91.598,  88.598,  86.501,  84.684,  82.324,  79.234,  76.388
TOU-GS      , 12/26/2015,  84.731,  81.771,  80.256,  80.274,  82.517,  88.358,  96.230,  97.287, 100.210, 102.313, 103.708, 103.902, 103.163, 101.227,  99.628,  98.681, 100.095, 103.283, 100.855,  98.510,  95.869,  91.591,  86.491,  81.626
TOU-GS      , 12/27/2015,  77.861,  76.050,  75.269,  75.334,  76.657,  79.740,  84.239,  84.648,  86.574,  87.974,  89.466,  90.611,  91.248,  91.449,  91.604,  91.751,  94.333,  98.589,  97.369,  95.555,  91.975,  88.797,  84.842,  81.216
TOU-GS      , 12/28/2015,  78.548,  77.335,  77.412,  79.288,  85.739,  99.316, 117.656, 128.963, 138.019, 141.617, 144.089, 145.186, 145.220, 145.987, 143.791, 138.494, 134.208, 131.992, 123.060, 117.220, 112.446, 106.056,  99.046,  92.380
TOU-GS      , 12/29/2015,  87.895,  84.918,  83.523,  84.551,  90.063, 103.010, 121.630, 132.970, 141.988, 145.224, 147.839, 148.971, 148.801, 149.399, 146.975, 141.250, 136.407, 133.960, 124.880, 118.762, 113.776, 107.093,  99.796,  92.890
TOU-GS      , 12/30/2015,  88.310,  85.333,  84.061,  85.079,  90.874, 104.435, 123.866, 136.287, 145.515, 148.418, 150.385, 151.096, 150.991, 151.815, 149.482, 143.903, 139.184, 136.926, 128.350, 122.517, 117.616, 110.613, 102.887,  95.584
TOU-GS      , 12/31/2015,  88.061,  85.082,  83.670,  84.558,  90.132, 103.275, 122.324, 134.340, 143.276, 146.315, 148.341, 148.824, 148.396, 149.133, 147.072, 141.704, 137.035, 134.929, 126.486, 120.912, 116.055, 109.199, 101.611,  94.188
