Name,Date,0:00,1:00,2:00,3:00,4:00,5:00,6:00,7:00,8:00,9:00,10:00,11:00,12:00,13:00,14:00,15:00,16:00,17:00,18:00,19:00,20:00,21:00,22:00,23:00
Segment:GL,1/1/2009,56.9862,56.1327,55.0365,54.3603,55.1831,57.4111,59.0095,59.1283,60.0033,61.1837,61.4742,61.6748,60.4069,59.3225,58.7293,57.5783,58.0335,62.2599,62.03,60.9966,59.3942,57.8716,55.8397,54.2027
Segment:GL,1/2/2009,53.6625,52.9407,53.0278,54.7327,57.8458,61.333,67.5155,72.3579,74.4911,77.562,78.5802,77.4276,76.3064,74.7522,69.2381,66.5914,65.9091,68.7923,67.5798,65.5743,63.0573,59.4355,55.8378,52.8461
Segment:GL,1/3/2009,51.3278,50.6429,50.7692,50.6437,51.2651,52.6243,55.6941,58.3813,58.3167,60.9237,61.1201,60.741,60.5473,58.7581,56.6722,55.5342,56.4115,60.7175,61.3659,60.885,60.3634,57.6951,55.5167,54.1277
Segment:GL,1/4/2009,52.1014,51.5188,51.8021,51.6027,52.107,53.1268,55.9425,57.0347,58.3249,59.1142,59.2809,59.682,59.5719,58.3203,56.9915,55.9828,57.7871,61.3426,60.1187,57.84,55.2429,53.8826,51.6739,50.597
Segment:GL,1/5/2009,49.0942,48.657,48.7347,49.6595,52.28,58.491,66.3418,74.2821,79.6035,82.8461,83.4079,81.3755,80.3083,78.8066,75.655,73.3931,71.6708,72.954,70.9418,67.5282,64.6895,59.6644,55.6972,52.3523
Segment:GL,1/6/2009,49.8613,49.4616,48.7528,49.8706,52.0286,58.0489,67.0746,75.1821,80.6254,83.6408,85.0484,85.3212,84.7575,84.2571,82.2964,79.8451,78.9245,77.9533,74.4707,71.9684,68.4892,62.9294,59.0258,55.21
Segment:GL,1/7/2009,52.7914,52.1561,51.7612,52.7349,54.1824,60.2171,71.003,78.6014,83.384,85.9166,85.0049,85.679,85.8766,84.3694,82.2436,79.4537,77.2016,76.9966,73.7679,70.7075,68.0305,62.3832,58.5478,54.2332
Segment:GL,1/8/2009,52.6602,52.1116,51.572,53.0589,54.6543,61.1001,70.3095,76.9779,81.8319,84.2172,84.6477,84.158,82.1467,80.9645,79.1016,77.0878,74.7871,77.676,75.1893,72.2231,69.3123,64.3504,60.323,57.0115
Segment:GL,1/9/2009,55.413,54.9274,54.8174,56.8139,58.6331,64.4898,73.9561,82.1691,87.1844,88.9793,88.6035,87.933,86.8292,84.1559,80.487,77.4279,74.8295,76.9753,74.7732,72.281,69.2042,64.7295,60.1623,57.7271
Segment:GL,1/10/2009,55.6717,54.2722,53.7322,53.4422,53.702,54.4823,57.4145,60.0474,60.7373,63.4333,64.5144,64.0802,63.1073,61.2974,60.6805,60.4861,63.2189,65.0048,64.4568,63.8574,62.4786,59.6323,56.3493,53.9181
Segment:GL,1/11/2009,51.9228,51.0328,50.7788,50.565,50.4808,51.5063,53.5496,55.0785,57.1699,59.83,61.3304,61.6781,61.0324,61.0397,61.0626,60.5184,61.502,64.8611,64.3052,61.0928,58.8023,57.7964,55.3887,54.2155
Segment:GL,1/12/2009,53.2963,53.5857,53.7802,55.7206,58.5014,65.7937,74.1739,82.3498,87.9664,88.7903,88.2996,87.9457,86.9151,84.2382,81.6612,77.4686,75.744,77.1012,75.1121,72.0042,69.6565,65.0998,60.3466,57.3042
Segment:GL,1/13/2009,55.3846,54.7437,54.8536,55.9416,57.3516,64.2866,73.2513,80.9199,86.0235,88.6202,89.1904,88.3549,85.4663,84.8556,81.4879,78.5248,76.7465,77.9075,74.6805,71.9237,69.1994,63.8911,59.5613,56.2275
Segment:GL,1/14/2009,54.6212,54.5114,55.2058,57.5355,60.3845,67.77,77.169,85.4002,91.185,93.4893,92.7844,91.0466,89.9801,87.5003,85.3019,83.0501,80.5151,82.4231,80.2749,76.9963,73.8747,68.1439,63.786,59.545
Segment:GL,1/15/2009,57.5345,57.5548,57.9153,59.1328,61.2584,68.5752,76.6414,83.7288,89.4925,93.1884,93.6658,92.3553,91.8973,90.351,88.3302,85.8482,84.7291,86.7858,85.9805,83.1853,79.9984,75.5147,70.6017,66.2108
Segment:GL,1/16/2009,64.2773,64.2874,65.2302,66.6741,68.9626,75.0376,84.4398,93.3236,98.5308,102.5109,101.4598,100.449,98.394,96.1761,91.0778,87.4298,85.8959,88.558,86.1879,83.8824,81.3334,76.7093,71.5216,69.125
Segment:GL,1/17/2009,67.2753,67.098,66.7897,67.2424,67.5869,69.3179,73.7305,76.6243,76.346,76.8058,75.9953,74.3193,73.3786,72.5736,72.0516,70.9779,72.0327,75.5085,75.7142,75.6144,73.5995,70.0214,67.2579,63.7746
Segment:GL,1/18/2009,61.9106,61.2274,60.5649,59.7161,59.9185,60.8632,63.0231,63.891,65.4055,66.5889,67.6841,67.1271,67.1479,66.6652,65.9657,64.9743,64.6163,68.0828,66.0254,64.7133,61.4456,58.9483,58.4648,57.8038
Segment:GL,1/19/2009,57.1662,57.5765,58.1802,59.0056,62.3183,66.7982,72.9964,76.6523,78.7366,80.8693,81.9727,81.9625,80.7646,80.3097,78.3202,74.6178,73.0453,75.9361,74.7617,72.0374,70.2079,66.7788,64.0016,60.8608
Segment:GL,1/20/2009,59.3588,59.3544,60.05,61.7389,63.5279,69.1513,76.6741,81.1352,84.9181,86.8011,88.0416,86.2073,84.8711,84.5809,81.5048,80.1868,79.517,82.0202,80.4175,77.5794,74.852,69.8925,66.4777,63.1836
Segment:GL,1/21/2009,61.3605,60.7095,61.006,63.2761,65.9105,71.942,79.8575,89.0392,94.0222,96.3127,95.9143,94.0317,92.0712,89.9918,86.2526,82.4048,79.7781,82.0835,79.8771,77.3459,74.144,69.3618,65.0259,61.0245
Segment:GL,1/22/2009,59.5652,59.0953,59.41,61.0709,62.9573,70.4058,77.8564,84.7035,89.0707,90.6265,89.3821,88.5579,86.7327,84.5477,80.8335,76.9304,75.3179,76.2732,74.448,72.1408,69.4599,65.0932,60.7029,57.4959
Segment:GL,1/23/2009,56.932,56.5528,56.5274,57.4481,59.6557,66.0504,73.8908,81.7706,85.4053,87.4859,86.8869,84.7956,82.7362,81.3113,78.2049,74.0872,72.2783,74.2182,72.6483,69.7586,67.431,62.7574,58.484,55.0026
Segment:GL,1/24/2009,52.6109,51.8242,50.4141,50.6747,50.6323,51.4247,55.8942,58.8957,59.3609,61.1667,63.3401,63.4116,63.341,62.6015,60.7754,61.2526,61.7897,66.3776,68.7164,68.7897,68.0987,65.3161,62.2568,60.499
Segment:GL,1/25/2009,59.8829,60.2235,59.6134,58.9974,59.7426,60.7103,62.8064,63.5891,65.7075,66.646,66.8799,66.3724,65.9209,64.7655,63.6397,63.0701,63.3311,67.267,66.433,63.9488,61.5583,60.52,59.7592,58.6522
Segment:GL,1/26/2009,57.7766,58.0407,58.1186,60.0779,62.5197,67.7051,76.2443,84.2734,89.6305,93.973,93.1332,93.7727,91.6441,90.7354,88.422,84.7752,82.4945,83.2015,80.166,76.9945,73.7277,68.639,64.0047,60.3386
Segment:GL,1/27/2009,59.1748,57.8726,58.0546,58.9473,60.2422,66.1561,75.2841,81.929,85.4663,88.2807,89.1745,88.803,87.6767,85.57,83.0996,81.4208,79.3324,79.6205,77.6906,75.4769,72.4841,68.0458,64.379,61.8098
Segment:GL,1/28/2009,60.1774,59.647,58.9546,60.435,61.871,65.8281,71.4916,75.3641,77.3718,80.798,81.0689,81.2167,81.3323,81.0489,78.9702,77.5346,76.3167,77.084,75.8062,73.704,71.6317,66.2488,63.5365,60.0912
Segment:GL,1/29/2009,59.0862,58.3707,58.494,59.8835,62.5076,68.8363,75.941,80.5165,83.6051,87.4337,88.6956,87.9425,86.871,85.8343,82.5738,78.3713,76.6216,78.038,77.4733,74.4132,72.2528,68.1845,64.5103,60.6326
Segment:GL,1/30/2009,59.3517,59.0047,58.963,60.2156,63.1832,68.0666,75.5458,80.6752,85.7726,87.7735,87.4059,86.8251,86.1546,84.9332,80.0095,77.7013,75.7552,77.3169,76.6991,74.9264,72.2709,68.4558,64.014,61.4388
Segment:GL,1/31/2009,60.2462,58.8977,59.2827,59.098,60.6022,60.9677,64.4662,67.8417,68.2579,70.1897,70.4518,69.6609,68.7553,67.5843,67.1221,65.8571,65.4502,69.6072,71.1509,71.0407,69.7638,66.8884,64.0489,61.9184
Segment:GL,2/1/2009,58.9931,58.1238,57.8169,57.9973,58.1431,58.6666,61.0175,61.1002,61.9691,62.0257,61.6433,60.6928,59.847,58.3225,57.1553,55.9451,55.5963,58.2519,59.4764,56.7247,54.7748,53.6398,51.9293,51.051
Segment:GL,2/2/2009,50.5854,50.3071,50.7301,52.0695,54.6343,59.7857,67.7953,75.5056,78.6565,80.0689,80.4402,78.4,77.6611,76.6727,74.8376,71.4533,70.0694,72.0244,70.7948,68.2975,65.2871,61.2468,57.9756,54.4332
Segment:GL,2/3/2009,52.8112,52.3373,52.3711,53.9279,55.4071,60.0822,68.5442,77.686,83.1581,86.4358,87.572,87.0394,86.9251,85.0403,81.8247,78.0121,76.7386,77.4185,76.4306,72.9751,70.7,66.0253,62.7124,59.524
Segment:GL,2/4/2009,57.7143,56.7717,56.8084,58.4356,60.4406,64.7073,72.3628,78.9566,83.2014,87.4102,88.0757,87.8034,86.9464,85.7403,83.2653,80.5473,78.526,79.5901,79.0434,77.1717,74.8525,69.788,65.843,62.5845
Segment:GL,2/5/2009,61.2333,61.0887,62.3151,64.6364,67.3049,73.3143,81.8843,89.1421,95.0981,97.4722,97.7433,96.7973,94.8071,93.5474,89.8683,87.1424,84.224,84.8588,83.8573,82.5524,79.2684,73.9451,69.7634,65.9964
Segment:GL,2/6/2009,64.1798,64.0835,64.0596,65.0912,66.8672,71.2954,80.0894,87.2897,91.2603,93.5366,92.9064,89.6349,88.1315,85.694,81.2066,77.3293,75.7231,75.0524,75.1648,73.1943,70.8304,67.2548,63.6272,60.0347
Segment:GL,2/7/2009,57.8343,57.3832,56.8291,56.6762,57.8916,59.2696,61.3727,63.183,63.55,63.3875,63.8006,62.3759,61.14,59.9201,58.8835,57.4638,56.8433,60.113,61.4169,60.9932,60.0908,57.1319,54.3208,52.0453
Segment:GL,2/8/2009,50.0903,49.5887,49.0617,48.8003,48.6164,49.368,50.8284,50.6959,52.1961,52.7361,53.906,54.1864,54.3729,54.0714,51.9822,50.8301,51.0637,54.6545,55.9069,53.8024,51.7138,50.7228,49.9161,48.9788
Segment:GL,2/9/2009,48.4203,49.0821,49.6272,51.2027,53.8556,59.1542,69.0396,75.8125,79.6807,81.6024,81.6561,80.7029,80.2666,78.4967,74.8111,71.3182,69.0354,68.8031,69.2484,67.0835,65.6314,60.4242,56.7901,53.3156
Segment:GL,2/10/2009,51.8694,51.4167,50.7916,52.3582,53.8332,58.1294,66.4727,73.9793,78.4598,80.2673,79.8509,78.9443,78.6732,77.7517,74.2829,71.1954,68.6674,68.5618,67.5232,64.4306,61.8996,56.6734,53.2903,49.5997
Segment:GL,2/11/2009,47.1223,46.7344,46.5069,46.7011,48.2501,52.8332,60.2562,67.0776,72.5123,75.2928,75.9461,75.4248,75.1815,73.8496,71.5984,69.8981,66.621,65.4276,65.616,63.2232,60.2863,55.5155,50.5328,46.8652
Segment:GL,2/12/2009,45.0414,44.2906,43.5269,44.58,45.3292,49.9639,57.6426,63.3235,68.5818,72.7509,73.9534,73.2326,72.6052,72.3887,70.6332,67.7121,65.2846,65.368,65.8067,63.7285,61.5906,56.9798,51.8611,49.0267
Segment:GL,2/13/2009,47.1733,46.657,46.031,47.1893,48.9194,53.536,61.5012,67.8226,73.5647,75.0315,75.0841,75.1522,74.7796,73.3083,70.5431,67.6264,65.8747,65.6407,67.5549,65.3377,63.4263,59.6709,55.2709,52.3682
Segment:GL,2/14/2009,51.4356,50.0459,49.227,49.0735,49.9001,51.0636,53.7149,54.6246,56.047,57.3568,57.8218,56.9283,56.9908,56.7636,56.5951,56.6718,57.254,59.7711,60.8141,60.3991,58.7943,56.8142,54.025,52.7002
Segment:GL,2/15/2009,50.6755,49.7537,49.5851,49.7447,50.0752,51.2812,54.3441,54.5796,54.6069,55.9955,57.345,55.9017,55.9324,55.2941,54.2175,53.1647,52.9346,56.0385,58.5144,54.7289,53.0638,52.3439,51.0396,50.0845
Segment:GL,2/16/2009,49.4648,49.2203,49.3828,50.2143,51.9192,56.8204,63.5549,66.7591,67.4031,69.5064,69.6921,70.3742,69.857,69.044,67.3541,65.7254,64.2203,65.049,67.1659,65.797,64.1288,61.0848,58.038,55.5341
Segment:GL,2/17/2009,54.2655,54.0969,54.1877,55.3883,57.0952,62.0938,70.5439,76.7539,80.194,82.9406,82.4119,82.5293,80.9639,79.6205,76.4811,72.6558,69.8364,70.1907,71.7052,69.33,67.5423,62.1796,58.7543,55.6703
Segment:GL,2/18/2009,53.7243,53.1133,52.8826,54.0301,55.4962,60.4442,67.4491,74.7688,80.6172,84.3719,85.277,86.8676,86.3544,83.538,81.1404,77.7724,75.422,74.6754,73.1281,69.3902,65.7695,59.6828,55.9972,52.0247
Segment:GL,2/19/2009,50.7524,49.5184,49.1303,50.1633,52.3889,57.0901,63.4686,69.6295,76.2751,78.6683,78.5237,78.2669,77.3573,77.2442,74.9606,72.7768,70.7048,71.2003,72.5713,70.8698,68.9641,65.4971,61.0916,58.437
Segment:GL,2/20/2009,57.0106,55.9102,56.1607,57.9684,59.7064,64.7262,72.5594,79.6117,84.452,86.799,86.7955,85.5916,84.4697,83.0451,78.3409,73.9519,72.0646,72.3183,72.4537,70.67,68.5537,64.6186,60.3431,57.4885
Segment:GL,2/21/2009,55.6181,55.1318,54.6515,54.6743,56.1776,57.6795,61.1769,60.4799,61.0923,62.2349,62.1008,60.3468,59.2569,59.1028,57.1236,56.8353,56.7619,58.5229,62.7064,62.8814,61.7835,59.0489,56.2079,53.7032
Segment:GL,2/22/2009,51.8005,50.8126,49.9888,49.6402,49.6782,50.5553,52.7456,52.9137,55.0759,57.0936,58.9904,59.8464,60.2473,59.0812,57.5683,56.2104,57.5041,60.757,63.0861,60.4713,58.8036,57.5104,56.5751,54.5609
Segment:GL,2/23/2009,54.0501,54.5417,54.4941,56.7011,58.3875,63.2733,70.8512,77.6562,81.618,84.6628,85.2614,84.9289,83.8859,82.4204,79.9971,75.9601,74.0797,74.6349,75.5704,72.4569,70.5583,66.0902,62.0255,59.3026
Segment:GL,2/24/2009,57.9795,57.2772,57.2777,58.8319,60.8958,65.8335,74.0042,80.7766,85.9115,89.3068,88.569,87.5803,85.2014,83.0811,79.8239,74.6828,71.6072,70.8628,72.6587,70.5506,68.4144,63.5234,59.9647,56.7751
Segment:GL,2/25/2009,55.5738,54.9561,55.292,56.8394,58.4468,64.8198,72.7387,79.832,82.6756,83.4491,82.4619,81.6293,80.9597,79.2604,75.6537,71.8939,69.77,69.4668,70.533,68.841,67.0205,62.0056,57.5324,54.7625
Segment:GL,2/26/2009,52.7166,51.647,51.7807,52.5481,54.52,59.3375,66.6518,73.5397,78.4493,82.0784,81.3581,80.6236,77.9386,75.6486,72.9185,69.3834,67.1491,66.2174,66.423,64.4872,61.8727,58.0336,53.8832,50.4603
Segment:GL,2/27/2009,48.7953,48.3316,48.3056,48.5686,50.0421,54.0697,61.0755,67.015,71.7175,74.4895,74.8067,74.89,74.2165,72.7191,69.2755,65.8475,64.1978,64.1528,62.7337,59.4761,57.6461,53.5617,48.8505,46.0542
Segment:GL,2/28/2009,44.1071,43.6357,43.429,43.7584,45.0491,46.3494,49.304,50.3249,52.2222,55.2262,56.8062,57.0249,57.2768,56.3466,54.9355,55.1712,55.6617,57.9538,60.1876,60.0293,59.1358,55.7851,52.8349,51.362
Segment:GL,3/1/2009,50.6084,49.7836,49.5439,49.6775,50.1949,51.3287,53.9255,54.2534,56.3205,59.149,60.4889,60.3368,60.4604,59.5371,58.0472,57.2563,57.7306,60.6122,61.375,59.4587,57.9544,55.8712,54.2793,53.7052
Segment:GL,3/2/2009,53.3846,54.5491,55.016,56.2561,60.4891,65.4814,72.1831,76.2859,77.9909,80.1754,79.8466,79.3306,79.44,79.6265,76.6558,73.2937,72.3791,72.2887,73.6903,71.3857,69.9538,66.3343,63.7528,61.6491
Segment:GL,3/3/2009,61.0033,60.9215,61.4503,62.9987,65.0178,70.9617,79.5215,84.6108,89.6996,94.5746,95.114,94.2732,92.6745,89.2944,84.4693,80.7997,78.5671,77.2778,78.684,75.7706,73.6888,69.3032,64.7814,61.8262
Segment:GL,3/4/2009,60.3121,59.6457,59.9495,61.9617,63.952,70.7172,77.775,84.254,88.0828,89.3401,88.1513,87.8114,85.9675,82.8531,78.9334,75.6926,73.8344,73.2845,74.9059,72.9392,70.8127,66.9389,62.2566,57.9932
Segment:GL,3/5/2009,56.2247,55.5117,55.9449,57.6216,59.9583,67.8703,74.063,79.2142,82.9841,85.7041,85.2795,83.5892,82.4293,79.371,75.6934,73.2156,70.9217,70.3249,70.1786,68.5811,65.2013,61.1039,56.4614,52.8987
Segment:GL,3/6/2009,51.1514,50.5726,50.6017,51.3473,52.7933,58.2775,64.9493,71.9048,77.8437,79.6072,79.4433,77.8414,77.1346,74.5192,71.1374,67.2937,64.8216,62.7413,62.3999,59.9576,58.1721,54.5754,50.7406,48.1972
Segment:GL,3/7/2009,46.0939,44.9017,44.2535,43.9112,43.6952,44.4208,46.6877,46.8614,49.3549,51.8549,52.8349,53.0909,53.0501,52.5913,51.8402,51.7192,51.4184,52.2254,53.8038,53.5571,52.002,49.3102,46.7736,45.0501
Segment:GL,3/8/2009,43.3371,42.0238,0,41.4317,41.3945,41.8387,44.1707,46.5535,46.9186,48.9672,49.7713,52.0299,52.824,52.2077,51.6733,50.4294,50.1914,50.0527,49.7949,49.0054,47.6906,46.3901,45.0652,43.7145
Segment:GL,3/9/2009,42.0522,42.0026,42.1089,42.8182,44.8565,48.708,55.2864,63.7768,69.1064,73.8361,74.6708,74.852,75.3173,73.9466,71.8339,68.1468,64.6652,62.8373,59.7815,59.3763,56.74,53.4685,49.7744,46.6486
Segment:GL,3/10/2009,45.2955,44.3641,44.2879,45.4704,46.5866,51.7958,59.8859,69.0524,74.2652,78.1741,78.1338,78.2447,78.2625,76.0743,73.4426,70.9393,68.6984,66.4322,65.0546,65.7852,62.6622,56.9337,53.4889,50.0117
Segment:GL,3/11/2009,48.0997,47.0273,46.7898,46.9749,48.4957,53.8122,61.2471,69.9101,74.9651,78.5663,78.4501,76.6154,76.2237,74.958,72.0646,70.3591,67.9821,65.6186,63.153,61.8072,59.6152,55.2912,50.7726,47.9221
Segment:GL,3/12/2009,46.325,45.7135,45.7288,47.0054,48.6986,54.6673,63.4231,70.8943,75.9764,80.0055,79.2012,78.8968,77.5492,75.56,71.9018,69.1484,67.6069,66.4805,65.693,65.2857,62.5487,58.1189,53.9198,50.2042
Segment:GL,3/13/2009,48.081,47.2409,47.2368,47.8166,49.8494,55.0244,63.3468,70.9247,76.3896,80.192,80.9306,80.093,79.783,76.9807,73.2085,71.013,68.7218,66.4143,64.8956,65.1812,62.9054,58.4935,54.2883,50.9444
Segment:GL,3/14/2009,48.6628,47.9861,47.7143,47.3012,48.4556,50.1313,53.5827,55.9367,57.01,59.6501,57.9461,56.7365,56.2799,54.783,54.4182,54.2131,53.8273,54.5368,56.2866,58.4459,58.0177,55.2523,52.0305,49.931
Segment:GL,3/15/2009,47.6913,47.1527,46.3474,46.0391,46.5513,47.5953,49.1218,50.8413,51.7357,53.968,56.083,56.3432,56.855,55.6394,54.4705,53.0149,52.5901,52.5737,53.3852,52.6213,50.6915,49.2702,48.1269,46.6674
Segment:GL,3/16/2009,45.3394,44.8043,45.4615,47.0311,49.6119,55.608,62.8568,69.981,74.4754,77.6066,77.6331,76.6795,76.4396,74.7011,71.493,68.8547,66.5647,64.5753,64.0896,63.2452,61.2711,57.2956,53.2981,50.9021
Segment:GL,3/17/2009,49.0667,48.1271,48.1655,49.4835,50.9693,55.2907,63.6141,70.0412,75.6194,77.7779,77.2788,76.7477,75.9763,74.1756,71.3586,68.7738,65.9955,63.4231,60.8619,60.9217,59.4947,55.5625,52.2895,49.9035
Segment:GL,3/18/2009,48.0742,47.4141,47.2625,48.4863,50.2233,55.7679,62.6847,70.5733,75.5748,77.9795,76.8645,75.641,74.564,73.523,71.2275,67.8412,64.737,62.6306,60.6201,59.9093,58.4887,53.8957,49.6461,46.391
Segment:GL,3/19/2009,44.1418,43.1472,43.633,44.184,45.6855,49.8258,58.1475,65.4738,70.3682,73.534,74.7628,75.7506,76.0467,74.9927,72.7256,69.1571,67.0315,65.0463,63.1029,62.7761,61.5534,56.847,52.4402,49.6851
Segment:GL,3/20/2009,47.4394,46.4811,46.4767,47.5832,49.5824,54.7086,62.6289,69.5964,73.7071,76.9312,77.2036,77.6659,76.5047,74.0081,70.9535,67.1343,64.5448,62.8651,61.3285,61.6086,61.6101,57.9977,53.7688,51.5445
Segment:GL,3/21/2009,49.3567,48.8069,49.4083,49.6316,50.5672,52.5015,57.0083,58.4894,58.3994,60.365,57.9063,56.8263,55.712,54.0054,52.7871,52.7303,51.7112,52.1111,53.103,55.9157,55.4161,53.8224,51.0971,49.9548
Segment:GL,3/22/2009,47.3918,46.9044,46.7555,47.0436,46.8741,47.822,51.1135,51.9151,53.3849,54.9697,54.4941,54.1128,53.3717,52.4233,50.4612,50.3427,49.3629,49.3477,48.9203,47.952,46.6945,45.9021,44.9185,44.2757
Segment:GL,3/23/2009,43.8132,43.4974,43.984,45.4471,48.7493,55.0856,62.7217,70.4213,74.559,77.9579,78.3088,77.2191,76.4184,74.7566,71.3958,67.5013,63.9355,62.4684,61.1576,60.5515,60.1713,56.2592,53.5913,51.2952
Segment:GL,3/24/2009,50.5712,49.5463,49.986,51.3253,53.2234,59.4882,67.7953,73.7701,78.1455,80.7232,81.7377,80.0372,79.3163,77.5278,72.7534,68.8754,66.5764,63.0923,61.2061,61.5108,60.8266,56.8631,53.5501,51.4752
Segment:GL,3/25/2009,49.7553,49.0184,49.1324,50.4351,52.5245,58.2412,67.1013,73.3574,77.9909,79.4273,77.991,77.7372,76.8435,75.3095,72.0518,69.4695,67.7006,65.4333,63.7915,63.4115,61.4467,57.1645,52.553,50.0907
Segment:GL,3/26/2009,48.2713,47.1038,46.8425,47.7423,49.444,54.2783,61.3348,68.0053,73.8979,77.9015,78.6171,77.5769,77.5669,76.6629,73.6269,70.2335,67.8526,66.2955,65.7857,64.5901,61.8201,56.4997,52.7335,48.985
Segment:GL,3/27/2009,47.1354,46.0819,46.0563,46.6257,48.3067,53.2799,61.9538,66.7817,71.5494,75.6151,75.0979,75.2797,74.7057,72.5139,69.0007,65.3579,62.7768,61.271,60.5201,59.2638,56.7994,53.2275,48.741,46.1288
Segment:GL,3/28/2009,44.4139,43.2866,42.762,43.0901,43.0439,44.4303,47.9269,50.1574,51.9395,54.5802,54.884,54.3004,55.4754,53.366,52.3985,52.1969,51.8634,52.4405,53.4759,54.4783,53.8357,51.6547,48.4776,46.3079
Segment:GL,3/29/2009,44.8051,43.2495,42.7957,43.029,42.9961,44.2156,46.2667,47.6695,48.5746,50.4184,50.9724,51.6715,52.8223,51.8862,49.796,49.3318,48.7838,49.5318,48.1786,47.5106,46.0945,45.7104,44.2133,43.611
Segment:GL,3/30/2009,42.6387,42.9404,42.5817,44.3231,47.2777,53.0309,60.7917,68.3426,74.0257,78.1287,78.7009,78.9776,78.4073,77.0041,72.8481,68.8077,65.5165,62.8116,60.4113,60.3001,59.6579,55.9203,52.9344,49.7494
Segment:GL,3/31/2009,47.7624,47.0081,47.3252,48.102,50.0973,55.6057,64.2739,69.9935,73.9635,76.9323,77.0949,76.5268,76.2536,74.3613,71.6212,68.522,66.1772,63.3064,60.597,60.7743,59.2326,55.1506,51.2761,48.6379
Segment:GL,4/1/2009,45.7623,45.8909,46.9925,47.9345,52.9695,60.3503,67.7074,72.8928,77.812,77.7223,77.2538,76.8685,76.2897,72.3932,68.9377,66.1397,63.7437,63.6072,62.828,60.2712,55.1338,51.1566,47.686,47.686
Segment:GL,4/2/2009,45.124,44.6211,45.4554,46.6607,50.4439,58.6066,65.0873,70.7158,73.587,74.2266,73.9085,73.537,72.6708,69.3264,67.303,65.0359,63.5196,61.4148,61.2813,58.6335,53.3992,49.7107,46.6964,46.6964
Segment:GL,4/3/2009,43.4691,43.3919,44.0784,44.953,48.8795,57.5909,64.067,69.1063,72.9859,73.4029,73.4308,73.0298,71.0417,68.8138,66.3064,63.8598,61.7829,59.1126,57.2448,56.5285,52.817,49.1696,46.3704,46.3704
Segment:GL,4/4/2009,42.6773,42.3184,42.2937,42.8585,44.2525,47.5095,47.8914,48.5543,53.0483,53.3941,53.7143,53.8703,51.7843,50.9149,50.4956,50.1873,50.0257,49.7856,50.5859,51.7851,49.7249,46.6553,45.2418,45.2418
Segment:GL,4/5/2009,41.3923,41.6068,41.6049,41.4321,42.7885,44.5194,45.0361,45.989,48.2309,49.0484,49.3832,50.537,50.3854,50.6885,49.8725,49.5219,49.555,48.9849,48.4402,47.3445,44.6281,43.4874,42.2834,42.2834
Segment:GL,4/6/2009,40.0175,39.7195,40.4948,41.8566,45.8349,52.3356,55.9611,59.7849,64.8617,67.6451,68.0084,68.3421,67.8325,66.3077,64.4009,62.5231,59.3772,57.1369,56.6104,55.7043,52.6109,48.2697,46.2597,46.2597
Segment:GL,4/7/2009,43.4908,44.5378,45.0883,46.34,51.0153,57.8081,61.4186,65.7896,69.5562,70.7799,71.1145,71.1931,70.1099,68.0954,65.7555,63.928,62.1466,60.1154,60.5599,60.3523,56.732,52.1244,49.001,49.001
Segment:GL,4/8/2009,46.8357,46.2547,47.1444,48.5605,53.4131,60.9146,65.0259,68.231,69.9317,70.3674,70.8363,69.6216,69.1273,66.6842,64.4799,61.6531,59.0011,57.5201,58.2529,58.3627,53.472,49.7129,46.5193,46.5193
Segment:GL,4/9/2009,44.3625,44.7894,45.8709,47.3174,51.6513,58.4471,60.7634,63.6137,65.4047,66.1308,66.2381,65.4354,64.8376,63.8046,61.5549,59.579,57.847,56.8068,56.6358,55.8642,51.7814,47.5133,44.7018,44.7018
Segment:GL,4/10/2009,42.4403,42.5754,43.3064,43.8586,47.3463,52.9028,54.3369,57.2434,59.5404,60.165,60.5159,61.2684,60.6384,59.5884,59.0683,56.7225,55.6421,54.7489,54.3378,54.2174,51.0417,47.0272,45.0364,45.0364
Segment:GL,4/11/2009,42.0705,40.7695,40.6771,40.234,40.8845,43.7959,45.0189,46.7154,49.7617,51.7245,51.3455,51.737,50.2039,49.8422,49.3823,49.6583,49.7493,49.4526,50.8007,51.9441,50.003,47.7774,46.1168,46.1168
Segment:GL,4/12/2009,43.9608,43.2285,43.1992,43.6681,44.5718,46.7224,46.5574,48.1918,49.3553,50.2617,49.1742,48.6492,48.0744,46.5389,45.1335,44.0404,43.4348,43.3575,43.441,45.449,45.0233,44.5522,44.0775,44.0775
Segment:GL,4/13/2009,43.5173,43.6489,45.3633,47.5495,52.1685,58.1004,60.7536,63.2914,65.0826,65.0774,64.5685,64.2141,64.5044,62.5772,60.1337,58.6565,57.5717,57.1645,57.8843,56.7503,53.8777,50.531,47.3367,47.3367
Segment:GL,4/14/2009,44.5528,44.1683,45.2323,46.0088,50.0333,57.2799,63.2546,69.4783,73.0692,74.468,73.2987,73.6905,73.3093,72.3554,68.8145,66.3352,63.2884,62.1544,62.0808,60.1834,55.6092,51.8965,48.5755,48.5755
Segment:GL,4/15/2009,45.4582,45.248,46.166,47.1412,51.1418,59.0411,66.0384,72.0978,75.1993,75.4041,75.1955,75.6303,75.9664,75.0703,71.1247,70.0946,66.9894,64.7259,63.8259,62.7913,58.0366,54.2835,50.3558,50.3558
Segment:GL,4/16/2009,47.2555,47.2238,48.0477,49.5189,54.2694,61.4603,67.6429,71.1378,73.4569,73.2292,72.4578,71.9513,72.0206,69.7496,67.1923,63.9788,61.5286,59.0955,57.6345,56.8033,53.1151,48.9973,45.6436,45.6436
Segment:GL,4/17/2009,43.6356,44.2835,44.175,45.5813,50.2283,57.1273,61.9821,65.6982,69.5945,71.5969,71.5871,70.957,70.3674,68.5384,65.2171,63.2893,60.3617,57.4789,56.317,56.0624,52.5417,47.6798,44.7062,44.7062
Segment:GL,4/18/2009,42.1632,41.5206,40.8749,41.2294,42.1268,44.4867,45.1783,47.0491,50.0641,51.5275,52.8085,53.5499,53.7874,53.415,53.239,53.6965,53.7996,52.8454,52.5496,53.8495,50.1688,46.8424,44.2627,44.2627
Segment:GL,4/19/2009,40.7413,40.325,40.046,39.2195,40.0996,41.5226,42.7199,45.0661,47.9352,50.3246,51.6771,52.4106,52.093,50.9424,49.7418,48.9572,48.3805,47.6858,46.4607,45.3178,43.8707,42.8224,41.8832,41.8832
Segment:GL,4/20/2009,39.9115,39.9012,40.9595,43.0164,46.7716,54.6876,63.3876,70.2551,75.2446,75.4983,75.5119,74.8712,74.7791,73.1352,69.4531,65.8598,63.5549,61.2369,60.3414,58.7805,53.4774,49.6554,46.2642,46.2642
Segment:GL,4/21/2009,43.0628,42.542,42.8712,44.1338,48.9565,56.3847,63.3474,69.4278,72.7306,73.0504,73.2328,74.3126,73.1171,71.8007,68.1879,65.589,62.8338,60.5491,59.3527,57.0831,52.5859,48.4061,44.6526,44.6526
Segment:GL,4/22/2009,41.2626,40.8534,41.5852,43.3956,47.5434,54.7318,63.1109,70.1167,74.86,75.1711,75.1641,74.7025,73.6597,72.1854,67.9922,64.2227,61.5741,58.9381,57.5031,58.0576,53.9441,50.2536,46.4711,46.4711
Segment:GL,4/23/2009,42.4445,42.3199,43.1069,45.163,49.5939,55.8161,62.4587,69.1605,73.322,74.1885,74.3011,73.6564,73.0855,71.6085,68.0585,65.4276,62.9199,59.7459,58.2446,58.2263,53.6208,48.9372,45.3178,45.3178
Segment:GL,4/24/2009,42.433,42.1824,42.1651,44.1154,49.0084,56.308,62.5866,68.1953,71.8387,73.3248,73.6943,73.9322,73.6456,70.5207,66.7359,63.4293,61.4464,58.7464,56.0103,55.889,52.5614,47.6254,44.057,44.057
Segment:GL,4/25/2009,40.4147,39.5151,38.9932,39.1691,40.5937,42.9125,44.3797,46.6077,50.3794,53.0658,54.666,56.4398,58.2251,58.0594,58.1496,58.6137,58.3504,57.9122,57.8111,58.119,54.8265,51.3692,48.7401,48.7401
Segment:GL,4/26/2009,43.6057,42.4452,42.2188,41.6593,41.9896,43.3762,44.8363,48.8463,53.7824,59.3275,61.6232,63.8457,63.9236,63.1649,63.575,63.4577,61.4347,59.3289,55.8606,54.7462,52.1681,49.0481,46.7415,46.7415
Segment:GL,4/27/2009,43.1623,42.9796,43.5091,44.44,49.0298,55.8918,64.9939,74.1479,82.7564,87.4878,90.0759,92.7527,93.7613,94.0391,91.5751,87.2483,83.1673,78.9468,73.8665,70.5275,63.7356,57.5318,52.662,52.662
Segment:GL,4/28/2009,48.2157,47.6057,46.868,47.1837,51.7981,59.2228,67.0644,76.8959,84.7072,87.4408,89.4996,92.3965,95.0762,95.958,92.2334,88.1702,83.5498,77.5883,73.1858,71.0146,63.0691,57.3138,52.5356,52.5356
Segment:GL,4/29/2009,48.1586,47.5438,47.4834,48.1491,51.5421,59.8009,67.6061,73.6576,76.5801,77.7554,76.8137,77.372,75.4914,73.8796,69.5898,66.4426,64.1595,61.9302,60.9885,60.2074,54.2068,49.1103,45.6052,45.6052
Segment:GL,4/30/2009,42.4778,42.9454,42.6927,43.4616,46.1198,53.8201,60.6921,66.607,71.6494,73.6562,75.4066,75.806,75.4093,74.3716,71.6818,68.2073,66.383,64.038,62.2374,61.5474,55.4529,50.6695,46.0676,46.0676
Segment:GL,5/1/2009,44.035,43.1188,42.7525,42.3299,44.5222,48.799,56.5435,63.812,71.2171,76.9178,78.6434,79.7246,80.2874,78.4191,76.8305,73.9193,72.4849,70.9929,68.3539,64.2982,63.3871,58.2226,53.0984,49.1965
Segment:GL,5/2/2009,45.6162,44.7418,44.1517,43.6075,43.2827,44.6898,47.2965,47.8577,49.7164,53.5816,55.5896,55.6331,56.6289,55.6902,55.3217,54.8037,54.8464,54.4733,53.8014,54.7608,54.8838,52.3988,48.6992,46.413
Segment:GL,5/3/2009,43.8176,42.8433,42.5653,42.4266,42.1737,43.3593,45.3428,46.3517,47.9336,50.5403,52.6222,52.539,53.281,52.3983,51.4784,50.4087,50.1198,50.7436,50.1236,49.7635,48.1672,45.834,44.2566,42.3197
Segment:GL,5/4/2009,41.2871,40.8312,40.7975,42.9374,44.7254,49.0052,56.0902,63.6678,70.3748,75.216,76.257,75.6921,76.544,76.0916,74.5015,70.4259,66.3021,63.7298,61.2877,60.354,59.0372,53.8008,49.1008,45.1785
Segment:GL,5/5/2009,43.5192,42.6049,42.4758,42.7886,44.2861,48.7534,55.0664,63.2854,68.897,73.1224,74.3207,74.5923,75.1397,75.2924,74.2197,69.6795,66.0659,63.4955,60.3923,59.4876,57.8185,53.2763,49.2031,45.9133
Segment:GL,5/6/2009,43.2878,42.1461,41.5364,41.8229,43.056,47.4883,53.9544,62.0749,68.768,71.6307,74.0071,74.9611,76.1182,75.9383,74.8612,72.2321,68.2532,64.8516,63.562,62.8671,60.578,55.1703,50.4187,46.3722
Segment:GL,5/7/2009,44.0892,43.5729,43.2772,43.883,45.068,48.5779,55.7176,63.9367,72.1935,77.8052,80.1636,81.2462,82.1693,81.8991,80.2588,78.0795,74.1885,70.6191,66.873,64.8088,64.2369,58.5915,52.5497,47.8142
Segment:GL,5/8/2009,45.5445,44.237,43.8539,43.258,43.9168,47.1245,53.11,62.3509,70.276,77.639,81.5548,81.503,82.5924,82.1432,80.1031,76.4864,72.7705,69.5314,66.5464,63.9627,62.9854,57.8757,52.7891,48.2858
Segment:GL,5/9/2009,45.2284,44.03,43.7924,42.9211,42.973,43.3231,45.0997,47.4548,50.438,55.8225,60.3173,61.3575,63.1444,63.0858,63.9527,65.0082,64.5593,64.7236,63.8661,62.1903,61.7207,57.6929,52.4914,48.5802
Segment:GL,5/10/2009,45.1847,43.393,42.674,42.1165,41.4295,41.4878,42.308,43.6773,46.9777,50.5202,54.1081,55.898,56.4414,56.1932,56.1598,55.0822,54.3358,53.9809,53.1457,49.732,47.7856,45.7902,43.846,42.0105
Segment:GL,5/11/2009,40.8355,39.9692,39.6175,40.4754,42.2662,45.7647,51.6658,59.7623,66.0775,70.6278,71.9398,73.1843,73.6624,73.2271,72.1845,68.8724,66.3743,63.5465,60.8536,59.1372,58.3965,53.0622,48.3093,44.4972
Segment:GL,5/12/2009,42.3141,41.3321,41.1293,41.7475,41.8575,45.1343,50.2588,58.3976,66.1301,70.8307,73.8207,75.4007,76.0654,75.516,74.3535,71.1577,67.6445,65.2395,62.5384,59.4484,58.3743,53.7795,48.3686,43.6443
Segment:GL,5/13/2009,41.7061,40.4701,40.0648,40.329,41.7615,44.9865,51.0854,60.0932,67.8773,72.5033,75.0019,76.7766,77.5145,77.533,77.6866,73.9079,72.301,70.0316,66.2339,62.9708,62.0314,56.5941,50.9604,45.954
Segment:GL,5/14/2009,44.0197,43.2856,43.3215,43.431,44.281,47.9724,55.028,63.7951,71.1191,76.8871,78.1331,79.3693,80.2585,81.2892,79.9109,77.0234,73.9068,71.2204,68.4427,66.3782,64.4438,58.9276,53.0508,48.6721
Segment:GL,5/15/2009,46.6175,45.5466,45.513,44.9899,45.8254,49.4155,57.213,66.094,74.9583,80.1448,83.6324,84.5938,86.759,88.4638,87.4851,84.5056,80.5938,78.1751,75.2802,69.7506,67.9742,63.6911,58.009,54.0308
Segment:GL,5/16/2009,50.2355,48.3935,47.5779,46.7833,46.8451,47.7469,50.2737,51.99,55.0217,59.123,62.7054,62.9418,64.0818,65.7599,65.569,66.8668,67.2485,67.2657,64.964,62.7079,63.9173,60.1967,55.8475,52.2498
Segment:GL,5/17/2009,48.8121,46.8932,46.8967,45.812,46.3516,44.9887,46.7408,47.5593,50.0944,53.2663,54.3896,55.106,54.6286,54.6974,53.7733,52.1423,52.0173,52.0201,51.6397,49.8392,48.6513,46.604,44.6341,42.6968
Segment:GL,5/18/2009,41.3608,40.8928,40.9825,41.6478,43.1565,45.9911,51.6845,59.579,67.5558,71.3448,73.2963,73.5655,72.391,73.3737,73.0381,69.6287,66.4824,63.7996,60.5233,57.7453,57.2386,53.4604,49.3082,45.3808
Segment:GL,5/19/2009,43.0546,42.0861,42.4145,42.7061,43.8062,46.9885,52.1813,59.9942,67.556,71.3095,74.065,73.8304,75.0304,75.2087,75.3192,71.8797,69.2387,65.9464,62.9474,59.1901,57.8074,53.0175,49.4073,45.3571
Segment:GL,5/20/2009,42.3138,41.0091,40.3257,40.3498,41.559,44.4408,50.2375,59.4608,66.0457,72.5993,75.3714,77.6363,79.7362,80.4329,80.4431,77.5031,75.0657,72.1185,69.4484,65.3106,62.5885,57.5369,51.9471,46.5484
Segment:GL,5/21/2009,43.664,42.1,41.9139,41.8406,42.5201,44.5418,51.3233,59.5499,68.0435,74.9152,79.104,81.472,83.3379,84.8753,84.8569,83.5024,80.1081,78.0773,74.1539,69.8536,66.1633,61.0178,54.8816,49.8528
Segment:GL,5/22/2009,46.7059,45.4341,44.7019,44.3797,44.4718,48.3678,54.6796,62.9944,72.0874,79.9049,84.6801,86.7288,89.184,89.9037,88.4335,84.8278,82.3529,78.8074,75.736,70.9501,68.6832,63.4519,58.265,54.051
Segment:GL,5/23/2009,50.312,48.9368,47.2601,46.3457,46.0583,46.0797,47.3295,51.4213,55.3264,60.9689,65.4757,68.3323,70.1241,71.7984,72.9031,73.1157,72.3327,71.413,69.4144,67.5388,66.2653,63.355,58.4325,55.19
Segment:GL,5/24/2009,51.0228,49.1325,48.1949,47.7833,47.3972,48.4627,50.0167,52.5724,56.7448,62.2008,68.9743,71.058,72.2022,73.4097,72.6224,71.1638,69.7601,69.5488,66.657,62.6254,59.4779,57.9136,55.5417,52.5942
Segment:GL,5/25/2009,49.6318,48.8646,48.1603,48.1549,48.3914,50.4411,53.3329,55.7868,58.6788,63.8802,68.2578,71.4304,73.1285,73.6201,72.1404,69.5102,66.425,64.6091,62.0932,59.5484,59.6654,57.3808,54.2325,51.8478
Segment:GL,5/26/2009,50.1049,48.9894,49.0489,49.7262,50.4796,52.7653,60.5638,67.2947,72.9256,76.4165,77.7057,78.1499,77.7795,76.8683,75.3373,71.6504,68.2722,65.5296,62.4197,61.4041,60.4393,56.0435,51.2858,47.8095
Segment:GL,5/27/2009,44.7978,44.3318,44.1842,44.7216,45.2103,48.1073,55.5813,63.5695,70.1949,75.3196,77.6513,77.9618,79.2479,79.6995,79.4578,76.3492,73.4471,70.9167,68.3537,65.16,63.4496,59.3307,53.9949,49.5106
Segment:GL,5/28/2009,46.4715,45.299,45.3479,45.7588,47.4544,50.5469,59.2817,68.3072,76.4213,82.8602,86.9441,89.0116,90.0622,91.3125,90.0293,87.0438,83.967,79.3777,74.8605,71.7309,69.0166,64.4893,58.6586,53.6845
Segment:GL,5/29/2009,50.4914,48.91,48.5649,49.4519,49.4995,53.4358,60.4383,68.233,76.7975,83.0501,85.514,87.956,91.2048,92.9626,90.818,83.4248,79.1749,75.6346,73.0422,69.4826,68.3704,64.0123,57.6209,53.1775
Segment:GL,5/30/2009,49.3626,47.6888,46.7369,45.8808,45.2608,45.6672,47.8233,50.7243,53.445,59.0593,62.6437,63.6367,64.1028,64.2394,64.5615,64.9885,64.6947,64.4118,63.9408,61.8655,61.3715,58.5217,53.4115,50.457
Segment:GL,5/31/2009,47.3734,45.8261,45.8391,45.0724,44.8504,45.3161,46.9887,47.9454,50.4843,54.74,58.8699,61.7986,64.0326,65.1364,65.237,63.8474,64.9185,64.7792,62.0671,57.9796,53.178,51.1912,48.1805,45.8033
Segment:GL,6/1/2009,44.0083,42.6568,42.397,43.4383,46.293,48.5258,54.6163,62.9317,70.4146,76.5334,79.5977,82.0042,82.3046,84.2801,84.8703,80.8221,77.1474,75.6513,72.5392,68.0052,65.4376,60.3823,54.5876,49.822
Segment:GL,6/2/2009,47.0068,45.7039,45.7555,45.9986,47.3093,51.3575,59.709,68.2897,77.7845,88.2944,98.7686,102.9577,107.4227,107.5973,106.9737,103.8424,100.6246,95.8561,91.4344,85.9035,81.0665,74.7432,67.4714,61.6338
Segment:GL,6/3/2009,54.4976,52.0896,51.8344,51.2997,52.3364,57.4217,64.958,74.8771,83.2616,91.7051,95.5472,98.0691,99.8525,100.4901,99.5023,95.7763,91.6026,85.7085,82.4929,78.797,73.2948,65.4299,59.2779,53.0877
Segment:GL,6/4/2009,49.9394,49.1526,48.4763,48.2689,48.6663,51.7549,58.9089,66.984,74.887,80.0571,81.5942,81.6846,80.7292,79.4982,78.0542,74.0693,71.4766,69.7919,67.7867,65.5897,63.9975,59.5923,54.5377,49.7269
Segment:GL,6/5/2009,46.5536,45.784,45.8167,46.0032,46.1146,50.2513,57.5403,66.1558,73.294,76.9512,78.5446,78.6761,78.3122,76.8285,74.377,70.1525,67.9025,65.13,63.2174,61.2375,60.5356,56.9845,51.245,48.303
Segment:GL,6/6/2009,45.7667,44.8156,44.1646,43.8296,43.6673,43.8666,45.0675,47.4659,50.5568,55.253,57.7345,58.6367,59.5272,58.534,59.2268,59.4681,60.5006,60.3351,58.8588,58.2834,57.692,56.2481,52.1318,49.3178
Segment:GL,6/7/2009,45.5114,43.9726,43.2051,42.624,42.3362,42.3098,43.7862,45.9651,50.3454,55.181,59.3666,62.5451,63.6682,64.08,62.4328,62.6652,63.5488,64.1175,62.3097,57.9985,54.6325,53.1806,50.9898,48.7368
Segment:GL,6/8/2009,46.5296,45.3295,45.0046,45.9065,48.7407,53.88,60.3709,69.2182,78.7021,87.6483,92.1409,95.7839,99.9042,100.2578,99.6525,96.0133,91.4465,87.5647,83.74,78.2338,75.1857,69.0801,62.1858,57.4838
Segment:GL,6/9/2009,53.5846,52.104,52.0306,52.5656,53.5222,59.2422,67.6112,76.3279,83.5182,88.4591,94.0009,97.0946,100.6539,103.0121,103.2255,101.1073,96.0411,79.6671,73.0301,69.1691,66.753,60.9913,56.153,52.1522
Segment:GL,6/10/2009,49.0957,48.0411,47.5958,47.9642,48.863,52.0126,60.1205,69.2646,79.7911,87.0713,91.1677,95.2639,97.3054,98.3969,96.9425,91.7252,88.4656,83.552,80.4173,77.2637,74.3562,65.6795,60.3335,55.113
Segment:GL,6/11/2009,51.6846,50.6746,50.8713,51.6593,52.3633,55.9491,64.2617,72.0414,79.0898,84.9842,86.9189,87.3909,87.6916,88.8229,86.8816,85.4976,82.8894,79.3706,75.6457,70.9665,69.3144,65.1885,59.472,55.1021
Segment:GL,6/12/2009,52.4106,51.0479,50.8141,51.355,52.3818,56.1942,64.0054,73.7398,83.1296,90.0764,93.7451,95.6383,95.9459,95.8435,95.2336,92.6192,90.566,87.0602,82.7945,77.0918,74.7064,69.9248,63.7239,59.8237
Segment:GL,6/13/2009,55.3924,52.5993,51.7771,51.1438,50.6713,50.388,52.5911,55.6033,60.4257,65.8559,69.9601,71.4244,72.8842,72.3936,72.7267,72.3202,72.3106,72.6293,71.3475,68.6131,67.4891,62.8986,58.7644,54.816
Segment:GL,6/14/2009,52.0506,50.5849,50.2088,49.7702,49.6193,50.0974,52.6951,53.4408,57.663,61.7612,65.9967,67.1917,68.2692,68.5929,68.2955,68.2943,67.7108,67.0219,64.845,61.3376,56.9726,55.9076,53.7428,51.2308
Segment:GL,6/15/2009,49.0354,47.7354,47.7554,49.2833,51.0594,55.7188,62.2533,71.9154,78.6068,85.6793,89.916,91.6632,92.5632,95.0281,92.5821,90.5158,87.7393,82.179,78.9349,74.6682,72.1238,67.151,61.7071,56.2409
Segment:GL,6/16/2009,52.9093,51.9005,51.6413,50.6229,51.0153,55.2062,62.5162,70.9717,76.3266,80.2575,83.0483,83.8025,85.2209,87.2166,86.8039,82.8465,80.0817,75.199,71.9172,67.4594,66.4666,61.4352,56.3019,52.2351
Segment:GL,6/17/2009,48.9305,48.2923,47.3585,48.5557,49.1496,51.9043,58.5356,65.5496,71.7089,76.7936,79.6107,80.1722,80.4285,80.4421,77.328,74.8555,71.6307,67.9223,65.8738,62.4045,61.5356,57.7478,53.039,49.2169
Segment:GL,6/18/2009,46.9225,45.9249,46.4048,47.015,48.1615,51.5095,59.51,67.1104,74.2555,80.8075,83.7056,85.4466,87.3688,87.6796,88.6977,87.9317,86.5305,83.8253,80.6957,75.0662,71.6599,66.4181,59.2659,53.9693
Segment:GL,6/19/2009,50.5525,49.4084,49.1262,48.7707,49.1306,51.7475,57.9028,65.8083,73.4224,80.027,85.1325,87.7662,89.3321,90.7909,90.2634,86.9723,86.313,82.6571,79.622,74.8959,72.281,67.4152,60.9731,55.9638
Segment:GL,6/20/2009,52.2667,51.006,50.3004,49.4137,49.0419,49.8448,51.7962,54.3148,57.1425,61.8756,63.2688,64.272,64.7643,68.0647,71.509,72.7195,73.8745,74.021,72.2394,69.8768,66.9743,64.0033,59.6032,56.6577
Segment:GL,6/21/2009,52.9559,51.3852,50.3888,49.8557,49.4992,49.3606,51.6021,54.003,55.8635,58.9572,62.4233,66.0575,67.1149,66.9739,65.3061,64.4921,64.5005,64.2151,62.6685,58.2209,55.7494,54.8065,52.2984,50.2569
Segment:GL,6/22/2009,48.1441,47.1874,47.218,47.8052,49.7315,53.1474,60.1646,68.2659,76.2634,84.0748,88.798,89.8581,91.1829,92.863,93.2723,91.8565,88.5076,85.1629,80.7906,76.3472,72.6614,67.6483,62.6797,57.5016
Segment:GL,6/23/2009,53.6962,51.8943,51.4252,51.5444,51.6978,55.3523,61.7598,68.9819,76.2216,84.0173,88.313,90.5189,93.0161,92.5797,93.3012,92.1963,90.7067,85.6958,80.8344,76.5944,73.9821,68.6134,62.0623,57.1676
Segment:GL,6/24/2009,53.2521,51.8088,51.18,50.7638,50.9623,53.8314,60.7811,70.1249,76.7968,84.4986,89.707,92.8879,94.5321,94.9474,94.25,92.9578,90.8114,86.891,83.8602,79.9376,78.2519,71.1693,64.6504,58.7819
Segment:GL,6/25/2009,55.1306,53.6675,52.9115,52.6104,52.4008,56.1412,63.3281,71.731,79.5314,88.0005,92.4187,94.8146,96.4342,97.9095,99.7323,98.021,95.7843,92.1869,89.5885,85.1976,81.2836,75.2395,67.1963,60.6498
Segment:GL,6/26/2009,57.0162,55.7417,55.0987,55.2756,55.9668,59.7611,67.5153,75.7021,83.006,89.5135,93.1044,97.714,99.821,100.9445,101.4295,98.3353,95.3248,88.7241,85.6436,81.7273,78.9529,74.1934,67.2817,61.6436
Segment:GL,6/27/2009,57.406,55.7575,54.0321,53.2196,52.4851,51.8776,53.9683,56.9456,61.02,68.846,72.3409,74.0551,75.3697,75.0157,74.3727,74.5021,74.0673,73.8202,72.0472,69.8612,68.6054,64.3413,60.1058,56.565
Segment:GL,6/28/2009,53.0749,51.1782,50.1353,49.4929,49.1113,48.9253,51.2491,54.3999,59.9804,64.7118,69.4493,71.0568,70.6086,70.4807,68.3128,66.9418,64.7539,63.1697,61.1638,58.9388,56.8908,55.2554,53.2313,50.5011
Segment:GL,6/29/2009,48.5031,47.376,47.368,48.6156,50.8867,54.7086,60.5664,69.3916,77.4407,84.3537,88.54,91.0665,92.9775,93.5463,93.2405,92.2878,89.3852,84.8142,81.9678,76.4246,72.9217,66.7425,60.9393,55.3022
Segment:GL,6/30/2009,52.5486,51.6288,51.4136,51.7832,52.0858,55.7187,61.4915,69.4561,78.077,86.9578,93.3278,96.7916,98.0102,95.6686,91.7252,90.7464,88.6744,85.8179,82.3799,76.4718,74.0673,67.4384,61.6537,56.985
Segment:GL,7/1/2009,53.7617,52.3949,52.4891,52.8292,52.8192,56.885,64.168,70.24,77.0878,84.0082,89.2599,92.5972,93.1868,94.2728,95.8499,94.6206,93.3431,85.9784,80.8866,76.1854,73.1441,65.3675,57.787,53.719
Segment:GL,7/2/2009,49.5754,48.1894,48.2791,49.2052,50.242,53.371,61.8998,70.0672,76.4957,82.7557,86.5044,88.2209,88.6172,88.3141,87.8977,86.2551,84.2349,80.6393,77.8779,73.4405,70.47,64.7841,58.0988,53.6137
Segment:GL,7/3/2009,50.7452,48.7363,47.9289,47.0042,46.0851,47.3116,51.026,54.268,57.4879,62.861,65.7704,66.0182,69.0476,70.3378,70.9496,71.2056,71.1057,69.3496,68.2105,65.6063,63.9931,60.5993,55.7076,52.2129
Segment:GL,7/4/2009,49.2484,47.6821,46.7951,46.0378,45.3335,45.4515,46.7229,49.2734,52.9556,59.4494,63.2734,65.1654,66.861,67.2147,66.5209,67.5264,66.5679,65.2862,62.3393,58.4149,57.9051,55.9095,53.9334,51.2137
Segment:GL,7/5/2009,48.6775,47.2118,46.6879,46.4645,46.1321,46.0871,47.5324,49.4368,52.6302,56.1636,61.4378,64.3743,65.6151,66.0866,65.0409,64.5343,64.7269,62.8624,60.6233,57.3446,55.1523,53.1259,50.7709,48.1934
Segment:GL,7/6/2009,46.78,45.6088,45.4335,46.7677,48.3239,51.8084,58.0821,65.26,72.9162,80.5482,85.186,87.8856,90.1468,90.788,90.7139,88.6357,86.4296,82.3195,79.2331,74.2969,70.4293,65.9159,60.4752,55.9708
Segment:GL,7/7/2009,52.272,50.5071,50.4127,50.558,51.0106,55.3113,61.9327,69.1411,78.4256,86.7824,92.1099,94.9853,95.4081,95.5626,94.5587,92.8829,89.739,85.5151,81.8223,76.7032,72.8741,67.625,61.9901,57.0034
Segment:GL,7/8/2009,53.6118,51.8745,51.4244,50.5123,51.408,54.1816,60.7923,66.876,74.4378,81.6083,85.6484,87.5551,88.451,89.4418,88.4382,86.4099,84.2997,80.7579,77.6764,73.4123,69.4049,65.0972,58.7776,53.5956
Segment:GL,7/9/2009,50.392,48.7191,48.4819,48.5845,49.1686,52.0809,58.3204,66.3314,74.3435,81.6265,85.614,87.7977,89.2196,89.2275,88.6501,88.1346,86.2269,81.546,78.5151,74.2306,71.2489,66.979,60.117,55.416
Segment:GL,7/10/2009,53.1534,51.3847,51.2995,51.365,51.1821,53.493,59.216,66.326,73.3442,80.4235,83.9684,85.7986,88.0766,87.7359,87.354,86.0056,83.3463,78.8062,75.7096,71.0484,68.8361,64.9484,59.4787,55.6954
Segment:GL,7/11/2009,52.5145,50.992,50.2727,49.4379,49.2059,49.9161,51.9373,54.4705,58.5976,62.7162,66.9778,70.6438,74.2609,75.4102,73.9392,74.1582,72.8376,72.4339,69.8517,68.2963,67.127,64.7321,61.1586,57.4822
Segment:GL,7/12/2009,54.9215,54.446,53.9239,53.8429,52.9312,53.0407,54.9435,58.1117,63.1798,68.0715,73.2431,76.8192,77.0902,76.4771,75.6258,74.7533,74.3508,73.1984,70.1971,66.0056,63.1942,61.3049,58.4557,54.6045
Segment:GL,7/13/2009,52.1885,50.308,50.2691,51.1003,52.6332,56.1367,61.474,68.3019,77.693,84.9261,89.7026,92.565,93.6426,93.3117,93.323,91.7452,89.6614,83.6846,80.6884,75.17,70.6538,66.2376,60.705,55.8097
Segment:GL,7/14/2009,52.5313,50.1951,49.9968,49.2164,49.6109,53.1753,58.8692,66.6041,74.7148,82.381,85.2474,87.7564,89.3828,90.092,90.9553,88.6599,86.5174,82.6701,79.3377,74.5656,69.9365,65.7531,60.2048,56.1148
Segment:GL,7/15/2009,53.1137,51.5872,51.6812,50.7006,50.6123,54.0266,59.7416,66.5727,75.3219,82.5751,87.1889,91.0134,93.4918,94.3382,94.6709,92.8214,90.7833,86.7083,84.3667,79.5632,75.7884,70.0724,63.7141,58.1745
Segment:GL,7/16/2009,54.9748,53.9356,53.4058,54.0677,54.8244,59.2521,65.6615,72.8908,82.2169,91.59,98.299,100.1726,101.1088,102.2593,103.7075,103.1947,100.4808,96.1104,92.1223,86.0758,82.0745,77.0187,69.8597,64.194
Segment:GL,7/17/2009,60.3027,58.1987,57.0881,56.6145,56.872,60.4746,68.3237,78.1566,87.2281,94.7993,96.3138,95.7889,94.1026,93.944,92.4687,88.4225,83.9854,78.8458,75.7553,72.6478,71.512,68.0004,62.5476,58.0308
Segment:GL,7/18/2009,54.4906,53.176,52.059,50.9697,51.0534,51.526,52.6218,55.9143,59.5415,65.2958,68.1286,69.125,70.8617,70.738,70.2739,70.1309,69.4441,68.374,67.0068,65.6805,64.385,61.7488,57.0844,53.3397
Segment:GL,7/19/2009,50.456,47.8815,47.4772,46.3449,46.0537,45.7743,47.3283,49.2157,54.7301,59.3576,64.4438,67.2587,68.5781,69.7039,67.5634,66.4611,65.8605,65.7563,64.9018,61.4132,59.2626,57.4323,54.5542,51.5782
Segment:GL,7/20/2009,50.0815,48.9934,48.7679,49.9188,52.7394,57.6117,62.0463,68.4854,76.1711,82.9861,88.2818,90.204,91.3357,91.594,90.3177,89.2502,85.8196,79.5487,76.179,72.1661,70.2098,65.2204,60.681,56.2907
Segment:GL,7/21/2009,53.9238,52.8801,52.3523,52.9563,54.4677,58.5892,65.7652,72.5373,77.6502,84.2973,88.5934,89.0388,90.7211,92.0756,92.4812,90.5978,87.1282,83.0941,79.0608,74.2889,71.4382,66.9321,61.2076,56.848
Segment:GL,7/22/2009,54.2067,52.6435,52.9491,52.4988,54.3683,58.1051,64.8636,73.0521,80.2522,89.8141,93.4367,96.5222,98.9025,97.841,96.0469,93.7238,90.4674,86.3783,81.9113,77.6545,73.9713,69.6649,64.3159,58.8879
Segment:GL,7/23/2009,55.6805,54.4608,53.9044,54.7398,57.2494,61.8086,69.2266,76.4108,82.515,89.4755,92.6251,96.1447,97.7134,97.8247,97.5637,94.9875,90.2436,85.354,81.6017,77.172,75.6074,70.8801,63.6236,58.1437
Segment:GL,7/24/2009,54.2132,52.7841,52.1449,52.5899,54.6215,58.4587,66.0848,72.4562,79.6548,87.5416,91.266,94.2746,94.5259,93.5456,93.1151,91.6492,87.9395,82.8709,79.2265,72.519,70.4144,66.2574,60.4481,56.1737
Segment:GL,7/25/2009,52.8404,50.8417,49.8191,49.1936,48.2193,50.3055,52.4613,55.0766,59.1083,66.831,71.4923,74.5613,76.5509,77.021,77.3969,77.2975,76.4243,75.8907,73.5365,71.9649,69.0564,64.2801,60.769,57.6141
Segment:GL,7/26/2009,54.07,51.9567,51.1919,51.4215,50.7572,51.0438,53.885,55.6926,60.0048,64.7721,71.1198,73.5744,74.9959,75.4255,74.3088,74.5297,74.973,73.7445,69.1948,63.7295,60.9814,58.2696,55.6047,52.7105
Segment:GL,7/27/2009,51.3264,50.5355,50.6092,52.3672,56.5323,61.2136,67.638,73.8341,80.6291,86.932,91.0003,94.5853,96.382,96.0726,96.3482,94.8146,91.9726,87.6532,84.674,80.1098,77.5679,71.3355,64.7901,59.2246
Segment:GL,7/28/2009,56.6387,54.8067,54.0624,54.6343,56.9209,61.128,68.188,75.0773,82.9297,90.062,96.0223,102.7082,103.5164,103.4705,102.1977,100.3291,96.2068,90.1527,84.0058,78.1277,77.8974,72.3989,66.5255,61.492
Segment:GL,7/29/2009,58.4506,57.5306,57.0609,57.3159,60.0781,65.028,73.0765,79.0332,86.9493,93.5122,95.2456,96.6764,96.9277,98.9682,98.2507,94.8776,92.2504,87.4946,82.5168,77.5871,75.2417,70.2395,64.1022,59.121
Segment:GL,7/30/2009,55.8061,54.5723,54.7317,55.0722,56.926,61.3694,67.9489,74.7877,83.2236,89.2757,93.3349,96.8355,98.3174,99.2998,100.0352,98.1409,94.6166,88.8023,84.4106,80.5118,78.7508,74.23,65.9409,59.6068
Segment:GL,7/31/2009,56.7652,55.9286,56.0648,56.8497,59.7054,64.3151,72.3635,79.4221,86.4964,93.8538,98.3416,98.9612,100.1824,100.1708,95.8898,88.7367,83.5091,80.1778,76.8731,71.9935,70.8035,66.4892,61.6957,57.8722
Segment:GL,8/1/2009,53.8559,52.7637,51.924,51.4633,51.4111,53.1346,54.7115,58.3409,63.4625,69.3995,73.8019,75.5368,77.2063,78.0554,76.2324,75.8716,75.1532,73.121,71.33,69.3843,69.9568,66.5462,62.7409,59.0293
Segment:GL,8/2/2009,55.2099,54.0936,53.5406,54.1804,54.1157,54.2257,56.4121,58.0484,62.829,65.5046,68.0351,68.2115,69.4691,70.0566,70.6757,70.5689,70.8147,71.2815,69.1293,64.8259,63.3179,60.7684,57.2296,54.396
Segment:GL,8/3/2009,52.323,51.3848,51.3219,52.416,56.2179,61.4558,67.7838,72.5387,80.4859,87.0946,90.5729,93.5887,95.0044,96.6224,96.78,95.0746,90.6788,85.8151,81.9801,76.378,74.9649,69.5348,63.6495,57.7316
Segment:GL,8/4/2009,55.2385,54.5042,54.0934,55.0809,56.8701,61.4447,68.3876,74.4634,83.1692,91.29,97.2791,100.3055,101.9653,102.7733,101.4199,100.6009,96.2432,91.0942,86.405,80.8064,78.516,71.989,65.957,60.4863
Segment:GL,8/5/2009,57.4565,56.1403,55.8536,55.7742,58.5436,62.8805,70.2805,76.0223,83.996,90.9459,94.5459,96.9827,97.8684,97.7965,97.4766,96.0941,92.0307,87.3209,83.885,78.378,77.1178,71.3322,64.6842,60.3482
Segment:GL,8/6/2009,57.3375,55.8019,56.1155,56.6101,59.3519,62.7188,70.2636,74.5654,78.7643,81.3726,81.7432,82.2664,83.1688,82.9924,84.8219,86.5227,84.5148,79.7657,76.0985,71.3589,70.5527,65.3028,59.6181,54.881
Segment:GL,8/7/2009,51.6651,49.7868,49.8771,49.5527,50.6684,53.8748,59.2832,63.8326,71.2258,77.2226,82.1826,84.2343,85.6387,86.9956,87.4177,85.3674,83.2198,78.5526,74.211,68.7527,67.8058,63.9563,57.6393,54.371
Segment:GL,8/8/2009,50.7534,49.0059,48.8243,47.759,47.9289,49.3763,52.1869,53.9234,56.1894,61.8859,65.4704,67.8969,71.3236,72.9855,72.767,72.7218,72.36,70.7424,67.7983,66.3235,66.5703,64.0599,59.9944,56.2552
Segment:GL,8/9/2009,54.0129,52.7386,51.5234,52.5019,52.2628,53.537,56.4709,58.6373,63.2576,68.4489,75.8436,79.1598,80.4278,81.1517,80.937,80.9695,80.3014,79.4292,76.9799,70.5904,66.3986,62.5066,59.389,55.5244
Segment:GL,8/10/2009,54.564,53.0395,52.9647,55.1417,59.7253,64.8379,71.0322,77.3216,88.0288,97.6342,103.8427,106.9599,109.5797,109.2319,109.833,107.9957,104.0338,97.4581,92.3787,85.3392,82.8183,75.2616,68.6938,63.5609
Segment:GL,8/11/2009,61.0002,59.5283,59.3425,59.6424,61.6532,67.2502,73.3283,80.3496,87.8586,95.4612,100.4788,102.1157,104.5023,106.3733,106.7516,104.0916,100.4415,94.2552,88.3774,82.045,80.0791,73.5175,67.6933,63.1655
Segment:GL,8/12/2009,59.5716,58.036,57.7734,58.7889,61.0077,65.048,73.0379,77.5597,84.2089,90.3828,94.2999,96.2478,96.4564,98.4317,100.1515,98.5363,95.8086,89.579,84.4208,78.4751,76.7366,69.9196,63.9291,59.2518
Segment:GL,8/13/2009,56.5627,55.1284,55.1852,56.2559,57.9925,61.2722,68.4808,72.966,80.5192,86.7398,91.0068,93.6918,94.7594,96.0028,97.3188,95.6933,91.0184,86.3088,82.6159,77.2984,75.1161,70.5523,63.3708,57.7833
Segment:GL,8/14/2009,54.995,53.4798,53.0928,53.9975,56.03,60.2436,68.1941,73.8433,80.0717,85.8426,89.462,91.7393,94.3953,95.2757,94.4538,92.9669,89.7716,84.7684,81.313,75.9011,75.1661,69.7049,63.9434,58.7529
Segment:GL,8/15/2009,54.7549,53.5506,53.177,52.4478,51.3915,53.031,55.834,58.7282,63.7291,70.671,75.8732,76.4425,78.5668,80.1808,79.6231,79.0425,78.8475,77.0185,75.1148,73.0794,72.1895,67.2933,61.6802,57.329
Segment:GL,8/16/2009,53.5897,52.0765,51.3813,51.1891,50.8943,51.4128,53.4022,55.9175,62.1139,67.7031,73.8838,76.9345,78.8621,79.4702,78.5297,77.9479,77.9636,76.6441,73.9286,69.4389,66.5837,62.9765,60.1074,56.8531
Segment:GL,8/17/2009,54.4226,53.1735,52.8344,54.3953,59.3175,63.0712,69.2935,76.6425,86.0577,93.8058,99.1831,102.4342,104.2381,104.7378,105.1179,101.6126,96.2525,90.5125,85.7555,80.1738,78.2137,72.5799,66.1864,60.2858
Segment:GL,8/18/2009,56.8994,55.776,55.4174,56.0166,58.6774,63.5502,70.8885,78.8556,87.2079,94.3704,100.3903,104.9868,108.9593,110.2416,111.5937,108.1511,102.0466,92.1469,84.2583,79.3049,77.2895,71.3189,65.8636,61.1339
Segment:GL,8/19/2009,58.2328,56.9556,57.5229,58.5614,60.7899,65.7417,73.6101,80.0539,88.5467,95.4486,99.587,101.8224,104.2817,104.2323,104.5009,102.931,98.7689,93.4574,89.0719,82.4097,79.9694,73.606,65.9498,60.5799
Segment:GL,8/20/2009,58.0228,56.7329,56.3224,56.9117,60.9859,65.677,73.1524,81.0974,89.6697,96.4436,100.4698,104.9819,107.5702,110.8864,112.4578,110.6284,106.4693,99.7613,93.5844,87.925,87.0455,79.9458,70.8829,65.293
Segment:GL,8/21/2009,62.2013,60.8631,60.8735,61.0389,63.4291,69.3928,76.8485,82.6462,92.2717,100.4237,105.338,108.3595,109.9126,109.036,103.3757,94.4013,89.1445,85.5663,83.1318,79.0783,78.2053,71.5029,65.3316,60.4959
Segment:GL,8/22/2009,57.7142,55.8272,55.1456,54.709,54.1508,55.3917,59.0672,61.9578,64.3567,70.2198,74.0554,75.9913,77.4618,78.2882,77.4466,77.419,74.7248,71.6573,70.1092,69.2032,68.1893,64.2068,59.481,55.8981
Segment:GL,8/23/2009,53.3822,51.6476,51.9808,52.4353,52.2261,53.0554,55.5125,56.7223,61.844,66.0108,70.8602,74.425,76.0325,77.5142,76.4009,75.0575,75.1213,74.029,71.69,66.9785,64.3806,60.7743,57.4332,53.8893
Segment:GL,8/24/2009,52.0264,50.691,50.3232,51.7463,55.995,59.648,67.4958,74.9244,82.5317,89.7821,95.4697,98.8542,100.4918,101.2645,102.1851,100.2788,94.8105,88.6445,84.5768,77.5386,75.8191,68.913,62.9,57.3137
Segment:GL,8/25/2009,55.0453,53.498,52.937,53.2758,54.9478,58.527,65.8621,73.4134,83.4534,90.2675,95.1942,98.6635,100.4273,102.0214,103.0984,100.6627,95.2926,90.0642,84.8212,79.5103,78.1931,71.7011,65.2966,59.971
Segment:GL,8/26/2009,56.3249,54.9169,55.091,55.7611,57.3325,61.8579,70.4557,77.6838,87.5191,96.3845,102.398,105.6797,108.2107,110.0929,109.772,106.5622,100.3078,94.5821,89.6536,84.5854,82.6383,75.3446,67.4583,61.6754
Segment:GL,8/27/2009,58.4818,56.5836,56.6354,57.3958,59.2933,62.9345,70.8268,77.4827,87.852,95.4035,101.1123,104.1361,106.33,107.3101,108.0244,105.7479,99.7833,93.8759,89.3914,84.5212,82.868,75.2288,67.9631,62.6032
Segment:GL,8/28/2009,58.68,56.776,56.2849,57.1923,58.4624,63.6022,72.2621,80.0996,88.1764,92.8684,97.0232,98.5171,98.5005,96.9693,94.8355,93.5005,88.3022,82.8537,78.144,76.2158,75.1897,70.9811,63.1821,59.5408
Segment:GL,8/29/2009,57.0494,55.5954,55.5003,54.999,54.5881,55.5002,59.6353,62.4878,64.4342,70.4934,74.1676,75.1663,78.1076,80.2489,80.0809,79.4305,78.7036,76.9184,75.189,74.2514,73.9421,67.9705,63.2476,59.2957
Segment:GL,8/30/2009,55.1948,53.5789,53.3283,53.4237,53.2742,53.2135,56.7799,56.8911,60.9537,65.4098,71.9243,73.5526,74.5833,75.0347,72.6515,71.8776,70.985,69.6735,66.0161,64.4347,62.0299,58.7604,55.2721,52.9973
Segment:GL,8/31/2009,51.3548,49.7191,49.5279,50.5989,53.8357,56.4795,63.85,71.1471,77.9114,82.0934,85.1117,87.6949,87.4968,88.166,88.7276,85.6083,81.1867,76.0363,72.1426,68.5179,66.8741,61.5867,55.9457,51.4804
Segment:GL,9/1/2009,48.9514,47.3755,47.5537,48.2596,48.8941,51.548,58.5386,66.3624,73.6377,80.1823,83.7367,86.4238,87.9724,89.313,90.8358,87.6667,82.8536,77.2349,72.3304,69.1652,66.8985,62.0441,54.9636,51.355
Segment:GL,9/2/2009,48.6646,47.1869,47.5962,47.5327,48.5054,50.9508,58.4043,67.2572,75.2851,82.1958,85.9936,88.9623,89.7637,90.7263,91.4942,87.8281,84.3067,79.1467,74.5816,70.968,68.915,63.7088,56.4426,52.0084
Segment:GL,9/3/2009,49.6776,47.9094,48.2746,48.9824,49.6669,52.6341,60.9461,67.2287,76.3459,83.7885,87.9083,89.6701,91.4408,92.1595,93.229,90.9779,86.2283,82.6731,78.735,73.9959,71.018,64.2815,57.7627,53.4114
Segment:GL,9/4/2009,50.6089,49.6633,49.2369,50.1923,50.7143,54.6763,62.6468,69.0179,78.2953,86.2952,90.3407,93.1542,95.4615,95.9328,96.2892,91.9825,87.6972,81.8144,77.4488,73.1438,70.1463,64.4011,58.5736,54.5133
Segment:GL,9/5/2009,51.2907,49.3755,48.8983,48.1338,47.3425,47.496,49.9509,50.6019,54.1228,61.2041,65.2062,67.1485,71.9882,73.3384,72.1273,72.3031,71.7464,70.2059,67.7337,67.9253,66.6514,61.8934,57.2532,53.3245
Segment:GL,9/6/2009,50.0666,47.9688,47.5236,48.0568,47.2251,47.6828,49.6175,49.3726,54.1569,59.3872,65.835,69.0341,71.5345,72.2535,71.6593,69.9649,70.2621,69.3005,66.3139,64.9951,60.2572,56.9862,53.9452,51.1273
Segment:GL,9/7/2009,49.4398,48.4072,48.4414,49.8455,51.6591,52.9063,57.0309,56.7566,58.2593,61.0811,62.7763,64.3281,66.3797,67.6094,68.5164,67.9621,66.1104,64.5213,62.7717,61.4726,60.8366,56.7405,53.027,49.6971
Segment:GL,9/8/2009,48.1767,46.8336,46.7525,47.6406,49.0161,52.8608,61.5501,71.5752,78.648,83.8596,87.5205,90.1586,90.9936,91.1724,89.6993,85.4797,80.4438,76.3392,72.3737,69.7496,67.1658,62.1868,56.5563,52.1987
Segment:GL,9/9/2009,49.1333,47.8493,48.5056,49.5515,50.108,54.5168,62.675,72.114,79.7081,84.8757,88.5134,89.4163,90.9375,92.3266,92.9531,87.9681,81.627,76.8926,74.1846,72.5185,68.8932,62.9284,56.5865,52.1602
Segment:GL,9/10/2009,50.1617,48.558,48.5868,49.2986,50.2191,53.28,61.7298,68.8134,76.7093,81.5189,83.6961,85.5231,86.4872,86.6871,86.2373,83.1743,77.2874,72.0157,68.6131,66.7952,64.2326,59.2529,53.7541,49.39
Segment:GL,9/11/2009,47.2312,45.5187,46.5138,47.1134,47.1766,50.1556,58.7805,67.2054,73.9992,78.9293,80.2049,80.5064,80.7435,79.7343,77.3938,72.6085,69.4373,67.1449,64.7751,63.4781,61.3085,57.3211,51.3857,48.1069
Segment:GL,9/12/2009,45.4242,43.8013,43.5333,43.5301,43.4657,43.9385,46.5046,46.9706,49.2347,54.3967,57.001,57.8093,59.0565,58.736,57.2898,57.2771,56.3775,56.3823,55.2306,57.046,57.2149,54.1052,50.1038,47.7015
Segment:GL,9/13/2009,45.5791,44.1362,43.6499,43.0556,42.6847,43.1909,45.5367,45.6499,50.46,54.2335,58.7826,60.3903,61.2627,62.1659,62.2358,61.2666,60.5686,59.3626,57.4325,56.0751,52.5193,50.4703,48.1205,45.6384
Segment:GL,9/14/2009,44.1696,43.1608,43.3021,44.8017,47.3281,50.8613,58.3921,65.2604,74.9823,82.747,87.4928,91.1941,93.5874,95.0166,95.3878,91.9594,86.5518,82.6919,77.7862,74.3617,70.7613,63.5043,58.0942,52.5931
Segment:GL,9/15/2009,49.5764,47.7932,47.942,49.1208,49.9017,53.6897,61.9895,69.4178,79.4479,87.7839,92.879,95.7494,98.0796,99.3086,98.3845,95.5139,88.7548,83.0918,78.2187,75.1445,71.5727,64.3585,58.94,53.5594
Segment:GL,9/16/2009,51.2307,49.2138,49.6645,51.0296,52.1059,55.8068,64.5078,71.635,79.1267,84.1052,86.335,88.2413,89.6225,89.7786,89.6166,85.7492,81.6627,77.5394,74.4199,73.4561,69.4479,63.3288,55.4143,51.3352
Segment:GL,9/17/2009,48.5093,46.6202,47.2232,48.0189,49.0841,52.4273,61.6062,68.3427,75.1585,80.0356,82.0925,82.0909,83.6196,83.3461,81.7176,78.1323,74.2232,71.7512,68.4749,67.631,65.0328,59.8086,53.73,48.7612
Segment:GL,9/18/2009,46.6083,45.2749,45.5879,46.5675,47.7076,50.9586,58.8574,66.6346,73.7291,78.9909,81.056,81.8847,83.6439,85.66,86.2533,83.8135,80.3377,77.3453,72.8856,71.1129,67.8894,62.0586,55.7757,51.802
Segment:GL,9/19/2009,48.4907,46.5304,46.0603,45.2277,44.7174,44.799,47.1327,48.1602,51.5132,56.1753,58.4761,59.6446,61.2571,61.6466,61.9891,62.5574,62.9067,62.4884,60.3989,59.6938,58.4997,55.4868,50.5939,47.8993
Segment:GL,9/20/2009,44.36,42.4633,42.3236,41.8027,42.1627,42.2136,44.474,44.2416,47.4848,51.3935,55.6341,57.5372,58.7298,59.0325,57.9813,57.3868,56.6081,56.3056,54.0358,54.6743,50.9051,48.6869,46.624,44.8134
Segment:GL,9/21/2009,43.1264,42.1029,42.3044,42.9097,45.7484,48.7196,56.1959,62.6365,70.1753,77.5869,81.7566,84.3391,86.7242,89.7529,89.4048,87.2362,82.9863,79.1196,73.4661,71.8873,68.0899,62.2694,55.9718,50.6556
Segment:GL,9/22/2009,48.4376,47.1299,47.181,48.4649,49.4497,53.3458,62.1228,70.4307,79.5741,86.919,92.2541,95.0629,96.4025,94.9793,92.7044,87.7258,83.624,78.5351,75.0324,73.8262,70.7733,64.2905,59.1197,54.8458
Segment:GL,9/23/2009,52.0728,50.4971,50.7405,51.7752,53.3981,57.2649,66.3218,74.8333,84.2506,90.869,94.6246,98.7423,101.4571,102.3982,103.5747,99.7577,94.8027,89.6122,85.9759,83.721,79.0549,70.8584,63.4729,58.9817
Segment:GL,9/24/2009,56.0384,54.6688,54.4816,56.2734,58.224,62.6761,71.1139,79.6153,89.6137,96.6123,100.0806,102.4492,102.3164,102.1409,100.9691,98.0542,92.9596,87.5086,82.5332,79.653,74.7209,67.9278,61.4306,56.183
Segment:GL,9/25/2009,52.3493,50.918,50.9033,51.369,51.7302,55.876,62.8902,69.2822,75.8938,82.2782,83.4649,85.2877,86.3798,86.7377,86.329,81.8245,77.3744,73.0375,69.3141,67.8927,64.9586,60.515,54.8042,50.7305
Segment:GL,9/26/2009,47.4376,45.4641,44.5679,43.9851,44.2669,45.1672,47.4659,48.3794,50.9251,55.3157,57.3358,58.1635,57.7587,57.7322,56.8075,56.4995,56.1818,55.7345,56.2849,56.9621,55.5626,52.2055,48.7066,45.9734
Segment:GL,9/27/2009,43.862,42.51,43.3193,43.2662,43.3517,44.4634,47.1951,48.6794,50.7656,54.0569,57.4915,59.089,60.0339,60.0136,59.7326,59.0928,57.6877,56.8446,54.4753,55.0178,50.7818,49.0871,47.1973,45.0955
Segment:GL,9/28/2009,43.4444,42.3275,42.374,43.5808,46.2194,49.4623,55.6348,60.0594,66.8821,72.2043,75.8318,77.3218,80.1059,80.8147,80.2164,77.3766,72.2948,69.1521,65.611,64.5952,61.194,55.8847,50.9343,46.9388
Segment:GL,9/29/2009,44.6346,43.2613,44.0734,44.661,45.7943,48.9601,56.2716,62.913,69.1941,74.6351,77.9025,78.9177,78.5218,79.572,79.3247,75.9756,72.1265,68.6008,65.4683,65.3344,62.5614,56.6188,52.0116,47.5822
Segment:GL,9/30/2009,44.8474,43.9137,43.7153,44.5422,45.7099,49.9542,57.8744,65.6951,71.662,76.7324,78.4288,79.392,80.2803,79.5435,77.6566,73.7683,69.8753,67.4083,65.5502,64.686,62.3297,56.5013,50.2499,46.2313
Segment:GL,10/1/2009,43.6088,42.5734,42.6959,43.9874,44.6703,48.6176,55.2718,61.8886,68.3393,73.0611,75.2963,75.8937,75.5467,75.6758,74.4966,71.6438,68.0088,65.5905,63.5851,62.8373,60.9017,55.4054,49.9012,46.0853
Segment:GL,10/2/2009,43.8822,43.1245,43.4045,43.7887,44.5529,48.6508,56.3618,63.4562,69.3048,73.9109,75.7973,76.6515,77.9922,77.8667,76.3376,72.2921,69.3153,66.768,64.4808,63.3891,61.4476,56.5923,51.5275,48.8557
Segment:GL,10/3/2009,45.6056,43.9778,43.6434,43.7007,43.2905,44.2982,46.1152,47.8505,49.2986,54.0352,57.3783,60.0642,60.4233,59.5792,60.0097,61.0946,59.5735,58.5866,58.8361,59.1501,56.3341,52.251,49.4259,47.0709
Segment:GL,10/4/2009,44.2122,43.1798,42.7694,41.9652,41.7263,43.3561,44.5211,45.5971,48.6371,53.5,55.2533,56.0093,56.7193,55.1609,53.8666,53.5495,54.0281,54.0515,52.5834,52.1768,48.7451,46.7678,44.7509,42.9242
Segment:GL,10/5/2009,42.1308,41.703,41.9298,43.3618,46.3992,51.5815,57.7134,64.8682,71.2755,74.5755,75.8319,77.075,77.963,77.4868,75.7736,72.735,70.2022,67.3116,64.6454,63.3094,58.9859,53.6252,49.0766,44.9464
Segment:GL,10/6/2009,43.329,42.4084,42.7063,43.9529,45.8647,51.0133,59.281,65.62,70.9032,75.0125,76.0402,77.2852,77.9086,76.5652,75.8056,73.4237,70.5322,67.2046,66.0637,64.6949,60.9877,55.2767,51.2287,47.1003
Segment:GL,10/7/2009,44.5137,44.5653,44.4824,46.1721,47.9543,54.1739,61.5807,70.1477,75.8621,80.812,81.4284,80.8328,82.0519,81.0526,78.9382,74.0568,71.3531,67.8833,67.1211,64.1116,61.0962,55.1953,51.6369,47.6439
Segment:GL,10/8/2009,45.9131,44.3992,44.3913,45.767,47.4671,53.227,60.8226,67.4048,73.2076,76.4993,78.0903,78.9488,78.534,77.0905,75.9642,72.574,69.0557,65.7827,64.1817,62.2053,57.878,53.7028,49.537,45.5367
Segment:GL,10/9/2009,43.2386,42.4153,42.4414,44.288,46.5267,52.2258,59.2074,66.5063,72.6603,76.6977,79.1785,80.7046,82.7516,82.1337,81.7886,81.0755,78.5457,75.3826,72.9548,68.9349,65.7711,60.2326,55.7638,51.5711
Segment:GL,10/10/2009,48.17,46.6218,46.0312,45.9678,46.5882,48.5774,50.8605,51.0945,53.965,57.9028,58.0535,57.7477,57.0674,55.3969,55.8398,56.2292,55.4713,54.4998,55.4729,55.5306,53.0911,49.6493,46.5435,43.4491
Segment:GL,10/11/2009,41.3043,40.4945,40.3432,40.2058,40.1118,42.3192,43.025,43.5283,45.3633,49.211,51.6239,52.9028,53.6131,51.2627,50.7859,50.4773,51.3696,50.7793,50.7484,49.1565,46.461,45.4615,44.655,43.1233
Segment:GL,10/12/2009,41.7004,40.5757,40.6895,42.5441,46.5009,51.1654,57.4303,64.1951,69.7204,71.8402,72.5921,72.5579,72.0598,70.3922,68.6922,66.9583,65.0006,62.4518,61.1408,60.0158,57.315,53.4816,48.7236,44.6535
Segment:GL,10/13/2009,42.6223,42.177,42.8802,44.1562,46.0216,51.6642,58.8175,65.5852,70.311,73.3257,75.4233,77.6062,77.9857,77.0827,74.6845,71.0859,68.18,65.4797,64.0804,61.3729,58.2375,53.0821,49.6127,46.2959
Segment:GL,10/14/2009,43.8859,42.8513,43.3849,45.2376,47.5183,52.6172,60.1909,66.6945,73.0248,75.7258,75.4208,75.9533,75.5247,74.4188,73.7223,68.592,66.6825,66.0619,64.9031,63.4022,59.8341,54.2539,49.2767,46.182
Segment:GL,10/15/2009,44.311,44.2133,44.4367,45.5278,47.7141,53.1368,60.8527,67.3866,73.4934,76.7611,77.2505,76.9007,76.9448,74.5544,73.1352,70.1411,67.6039,67.0627,65.9076,63.7088,60.9376,55.5,51.3484,48.1589
Segment:GL,10/16/2009,46.169,44.6085,45.4777,47.1171,50.389,56.5124,62.9002,68.3341,71.9059,74.8485,74.2416,74.8432,74.8341,72.7659,71.1663,67.7323,64.9028,63.2928,62.269,60.5083,58.5478,52.9842,48.8887,46.2904
Segment:GL,10/17/2009,44.8398,44.7833,44.1472,43.9759,44.0598,45.6436,48.3317,50.1058,52.2504,54.1613,54.552,54.9684,55.5875,54.1494,53.4701,53.6492,53.7532,56.1017,57.366,56.6181,54.7013,50.9776,48.6295,46.6032
Segment:GL,10/18/2009,45.2082,45.775,45.6815,45.5334,45.0207,47.3957,48.782,50.044,51.3775,54.2789,55.104,54.2223,53.2814,52.1681,50.8409,49.7058,49.8814,50.7539,51.2961,50.2488,48.609,47.6192,46.3783,45.2039
Segment:GL,10/19/2009,44.2753,44.505,45.6514,47.8864,50.4821,57.0038,64.3014,72.8146,76.895,78.3469,77.9206,78.3393,77.4496,75.6388,74.1407,69.3528,66.641,64.6418,64.4145,63.0915,60.0257,56.4266,52.349,48.1451
Segment:GL,10/20/2009,46.3735,46.0826,45.9751,48.3896,50.5871,56.8974,64.0277,71.4803,74.9007,77.0858,76.309,77.7251,76.6682,76.5183,75.4394,71.4307,66.8624,64.2074,63.4467,61.4562,58.0769,53.9541,48.8173,44.7526
Segment:GL,10/21/2009,42.96,42.4113,42.5452,44.0856,46.4037,51.9563,60.4868,68.1662,72.7182,75.8908,76.8688,77.9112,77.5463,77.8881,76.8863,73.8897,70.387,66.2883,65.6411,64.1388,60.461,55.6818,50.4721,45.9921
Segment:GL,10/22/2009,43.849,43.5764,43.9036,45.6399,47.7604,53.3652,60.4688,67.4071,72.8192,76.2062,76.4454,75.8755,77.7153,76.8482,74.6973,72.8159,68.5036,64.3468,64.1483,61.8494,58.8037,54.1046,48.8358,44.333
Segment:GL,10/23/2009,42.5616,42.7127,42.8825,43.4648,45.0718,50.4975,59.729,66.808,71.6888,74.9441,76.0523,76.5241,75.4654,74.076,71.9027,67.1605,63.7881,63.5259,63.6296,60.7957,57.9298,52.3882,48.5759,45.4371
Segment:GL,10/24/2009,42.4726,41.9327,42.1974,42.6,42.6468,44.3646,46.7462,49.3858,50.3404,53.111,53.4291,54.891,54.8435,54.6226,54.0566,53.6948,53.7922,54.3798,54.267,54.6499,53.3763,49.7995,46.1354,43.8445
Segment:GL,10/25/2009,41.3744,40.9719,40.4988,40.4368,40.5325,42.0135,44.066,45.5073,45.7536,47.7406,50.0754,50.5217,50.6918,49.4244,48.442,47.8192,46.9807,48.4808,49.0323,47.9144,45.8603,45.4145,43.8623,42.1238
Segment:GL,10/26/2009,41.5448,41.4174,41.7435,43.9715,46.901,51.8962,60.0079,68.2283,73.3187,75.3899,76.0194,74.8377,73.7585,73.1684,71.8925,68.9021,64.2477,63.6945,64.1247,61.9206,58.1863,53.7937,49.8773,45.87
Segment:GL,10/27/2009,44.1505,42.5516,42.4805,44.2415,46.558,51.4038,58.8635,68.2618,72.7572,75.0063,76.3877,77.1923,76.7072,75.2104,74.3657,70.5743,66.5396,65.7225,64.0475,61.0848,57.8402,53.887,49.9296,46.1366
Segment:GL,10/28/2009,43.9976,43.5721,43.4589,44.5246,47.2702,52.5081,59.5964,67.749,72.9705,76.1768,76.7215,76.8058,78.1067,76.9394,75.5059,71.4191,66.8114,64.8189,64.322,62.5475,58.0874,53.3987,48.8956,44.9627
Segment:GL,10/29/2009,42.6361,42.2615,41.8849,43.4149,45.5984,50.5175,58.438,67.7295,71.6405,74.3784,74.7035,74.0567,72.4195,72.8013,72.1814,68.2776,64.5092,63.9319,63.0145,61.4601,57.1057,52.5883,48.6519,45.2071
Segment:GL,10/30/2009,42.7667,42.4419,42.5471,44.3291,46.3877,51.4196,59.188,66.3597,71.5451,74.1789,75.0598,75.3391,73.68,71.4668,69.4176,66.0105,62.555,62.7049,61.87,59.04,56.8556,53.221,49.5395,47.2132
Segment:GL,10/31/2009,44.4737,43.6342,43.079,42.821,43.5217,44.8904,47.359,49.3585,50.5097,52.6654,52.3252,53.4775,52.8495,52.512,52.1441,51.1909,51.0486,53.3458,54.1749,54.1448,51.3749,48.1708,45.8664,43.1702
Segment:GL,11/1/2009,40.4998,41.0707,40.7218,40.3422,40.9113,41.738,43.3677,44.5286,46.5172,49.5613,52.5013,52.4512,51.9858,50.9811,49.9854,48.931,49.5704,53.3567,53.4552,51.3832,48.5563,46.5201,44.6056,42.662
Segment:GL,11/2/2009,41.8894,41.8676,41.5215,43.2581,46.562,49.6779,55.0168,61.8903,68.2002,70.8411,71.7118,71.9763,71.5147,71.0757,69.8557,67.3415,64.4089,65.26,63.0524,60.8742,58.2087,54.7287,49.9873,46.528
Segment:GL,11/3/2009,44.7934,43.8904,44.2413,44.8102,47.2577,51.6428,57.9397,64.2442,69.2695,72.5452,73.8212,74.73,74.245,73.8828,72.7724,69.4438,66.2491,66.7155,64.9566,61.5402,59.0217,54.9492,50.8366,48.4901
Segment:GL,11/4/2009,46.5819,45.9037,46.3723,47.1856,49.2518,53.9687,60.925,67.2906,72.5644,75.0621,74.5434,74.0903,73.4935,72.7344,70.3846,67.2211,66.6061,67.2646,65.6122,63.0348,61.2627,56.0659,50.8826,46.7689
Segment:GL,11/5/2009,45.1809,44.428,44.2454,45.5908,47.6374,52.6331,59.1719,65.5843,71.3304,74.3101,74.7491,74.529,73.5845,73.4731,72.3276,69.3508,67.2242,67.3594,65.4861,63.2846,61.0028,56.8341,52.4845,49.0571
Segment:GL,11/6/2009,46.9659,45.8536,46.1808,46.7211,49.4231,54.3952,60.9373,66.793,73.0003,75.8391,76.3721,75.8817,76.4096,74.9947,70.5774,66.5883,65.5969,66.3917,66.011,63.8775,61.2409,57.5324,52.839,50.4411
Segment:GL,11/7/2009,48.4333,47.2559,46.8323,46.793,47.0092,49.8036,52.3216,51.6167,52.6892,54.1732,54.4351,52.9844,52.8602,52.7417,51.7267,50.5196,50.5878,54.5211,54.6848,53.7979,52.4897,51.1312,47.6783,45.6657
Segment:GL,11/8/2009,43.9129,42.6169,41.9358,42.2329,42.5915,43.752,45.4141,45.0468,47.1588,49.0569,51.1234,51.6001,51.935,51.956,51.3271,49.6621,49.7935,52.7302,51.966,48.4677,46.2381,45.2668,43.8041,42.1343
Segment:GL,11/9/2009,41.1909,40.4926,40.7704,41.8612,45.0257,48.9788,54.8588,62.1823,67.6888,71.1448,71.6499,72.0948,72.1099,72.4488,71.6954,67.5142,64.9342,65.1653,62.3425,60.9086,57.7724,53.2503,48.872,45.5778
Segment:GL,11/10/2009,43.5909,42.5539,42.4617,42.9468,44.2866,48.6427,55.4174,62.3048,68.8009,72.7204,74.573,74.1276,74.7292,73.691,71.7275,68.5224,66.5507,65.6373,63.3222,60.6574,58.0304,53.929,49.4773,46.018
Segment:GL,11/11/2009,43.8899,42.5273,42.5754,43.3346,44.8288,49.612,56.1085,62.4379,69.1339,73.8999,75.0829,74.8208,74.3678,73.873,72.9046,70.7667,69.9013,68.4752,66.0035,63.9478,61.9511,57.3508,52.1571,48.8597
Segment:GL,11/12/2009,47.1518,46.0994,46.2719,47.2549,48.9688,53.8108,60.8143,68.2051,74.4857,78.4478,78.8877,78.3409,77.743,76.4543,76.1609,73.753,73.2688,71.653,69.563,66.9957,63.8315,58.9135,53.7133,49.8621
Segment:GL,11/13/2009,47.4572,46.1882,46.0591,46.9168,48.842,54.2259,60.0476,65.7975,70.6509,74.5416,75.5026,75.3841,75.32,73.9698,70.6114,67.8393,68.984,68.4346,65.9876,62.7803,59.4517,56.0448,51.6457,47.9528
Segment:GL,11/14/2009,45.7436,44.5759,43.5151,43.2914,43.2997,45.0142,47.3933,48.2449,49.3305,52.0467,53.7053,53.9254,53.8025,52.8287,50.8964,50.6808,52.8784,55.0396,54.6748,54.0259,52.5975,49.6664,47.208,44.6485
Segment:GL,11/15/2009,42.2328,41.3744,40.9606,40.9376,41.2159,42.2122,43.9155,43.6008,46.1986,48.7603,51.9286,51.18,51.4248,51.1568,49.7957,48.6453,49.0416,52.6752,51.9332,49.3661,47.4356,46.1292,44.275,42.4648
Segment:GL,11/16/2009,41.7778,40.8442,41.0075,42.2407,44.7237,49.5113,55.7592,62.3921,69.3372,72.7275,73.8944,75.0434,75.4891,74.5307,72.7512,69.318,66.1928,66.5714,63.6959,60.8963,58.1375,53.6495,48.9146,45.8229
Segment:GL,11/17/2009,43.5434,43.0796,42.6319,43.5825,45.3643,49.6324,56.2358,63.6031,69.5921,73.5438,74.6435,74.9894,74.6053,73.5856,73.4092,70.3341,66.7735,68.3247,65.5504,63.864,60.8312,56.3403,51.1812,47.8303
Segment:GL,11/18/2009,45.6432,44.5668,44.5626,45.3435,47.1477,50.8695,58.1459,64.5665,70.3513,73.4938,73.7977,74.6372,74.3563,73.5321,73.149,69.0871,66.6874,68.3803,66.125,62.9436,59.7146,55.8109,51.871,47.8892
Segment:GL,11/19/2009,45.8429,44.8101,43.7235,44.1261,46.1423,50.3643,56.3957,63.6652,70.2794,73.3306,74.6565,74.7101,74.4658,73.7787,73.391,71.4345,70.2479,69.9309,67.3464,64.8905,61.6657,56.8757,51.6394,47.5126
Segment:GL,11/20/2009,45.282,43.7395,43.4088,44.3624,45.9458,49.9481,56.9469,63.6599,69.713,72.7393,74.4232,74.3874,73.9307,72.1847,69.0758,65.9001,64.3555,65.5759,63.1967,60.3681,57.9682,54.8111,49.6534,47.2468
Segment:GL,11/21/2009,45.482,43.9584,43.4424,43.488,43.651,45.0948,47.7554,48.0034,49.7654,52.4546,53.0753,53.1413,52.9053,52.0287,50.8989,50.979,51.7094,55.2754,54.5418,53.6656,52.7506,50.5653,47.9412,45.2544
Segment:GL,11/22/2009,42.898,42.5505,42.1625,42.4917,42.9897,44.4582,46.4208,46.1354,48.5768,50.6037,52.5544,52.232,52.0311,51.3023,49.7683,49.1843,49.9601,53.6774,52.8902,50.9239,48.7948,47.1544,45.1742,43.6395
Segment:GL,11/23/2009,42.5387,42.2539,42.3235,43.8947,46.5591,51.3124,57.1652,64.7184,72.324,76.6186,76.2558,76.5081,76.4305,75.364,73.9452,71.9867,69.9577,69.6688,67.1847,64.7283,61.4178,57.2632,52.0063,49.0964
Segment:GL,11/24/2009,46.9715,45.9333,46.3365,46.3921,48.3832,52.5477,58.6207,65.7992,71.275,75.8032,75.5593,75.4707,75.7569,75.1563,73.4138,70.298,69.513,69.9903,66.5321,63.0814,60.0509,55.6949,51.2041,46.9399
Segment:GL,11/25/2009,44.5995,43.6681,43.0583,44.2228,46.3202,50.3872,56.7631,61.143,65.936,69.7044,70.2407,69.8724,69.5269,68.3901,66.796,63.0944,62.0801,64.1561,62.6118,59.7036,58.2733,54.1347,49.9249,46.5664
Segment:GL,11/26/2009,43.8063,43.0956,42.7852,42.7679,43.9159,46.3978,46.481,46.1305,45.8691,46.0812,45.9275,45.5037,45.4945,45.2935,45.0627,44.5626,45.482,47.3524,47.1656,45.7478,44.8468,43.7373,43.3055,42.7635
Segment:GL,11/27/2009,42.4573,42.3203,42.9023,44.343,47.3358,52.725,57.1048,57.8023,59.2398,59.9874,59.574,59.2235,58.1682,56.4138,55.7995,56.205,57.4517,60.8845,58.8343,57.0914,56.1488,53.8122,50.7156,48.783
Segment:GL,11/28/2009,46.6297,45.5385,44.774,45.204,45.5014,46.609,48.3521,48.4495,50.1926,53.3128,53.3295,51.9631,52.5004,51.2294,51.0041,50.4207,51.3595,55.3966,55.6987,55.6167,54.5728,52.322,49.7975,47.8169
Segment:GL,11/29/2009,46.1769,44.9585,44.6246,44.6966,45.8589,47.0824,48.8588,48.0408,49.4862,50.399,51.535,50.8956,50.1391,48.3534,47.1372,47.5934,48.6804,51.988,51.7959,49.7701,47.9697,46.1144,44.1435,42.5682
Segment:GL,11/30/2009,41.7563,41.2075,41.5646,43.1387,46.361,50.2121,57.0144,64.0811,70.9155,74.4605,75.3277,75.1983,76.0525,75.1071,73.39,70.076,69.0434,68.3917,65.4007,62.7334,60.7631,57.5223,52.8515,49.4817
Segment:GL,12/1/2009,47.802,47.7197,48.0287,48.9955,52.4318,57.4304,63.9314,70.482,75.6784,77.7644,77.0123,76.2495,76.3456,75.5624,74.2661,69.8029,68.3224,69.8222,66.7474,64.9696,62.593,58.2822,52.8149,49.3693
Segment:GL,12/2/2009,47.6422,46.8913,46.9078,48.0323,50.7351,55.9572,62.0835,69.0633,75.4061,79.8268,79.5336,78.456,78.22,77.3439,76.5812,74.2943,72.7807,71.2956,68.6199,64.6867,61.2081,57.0061,51.445,47.6698
Segment:GL,12/3/2009,45.4112,44.2988,43.93,44.6912,46.9788,50.4926,57.2567,64.1381,70.457,73.9692,74.9435,75.1576,74.3415,73.8462,72.305,69.1303,68.2634,68.1473,65.3589,62.5261,60.0432,56.8985,52.0266,47.3263
Segment:GL,12/4/2009,44.9032,44.85,44.835,45.8809,49.4375,54.7768,61.6617,68.6796,74.6535,78.8425,78.1526,76.8194,76.8608,75.825,71.7164,69.1307,69.3915,70.2198,68.1359,64.7124,61.7264,58.2922,52.9817,49.9068
Segment:GL,12/5/2009,47.4483,45.9,45.2543,45.0609,45.0735,46.8275,49.2961,51.2788,55.104,59.3042,60.3494,60.202,59.4753,58.5495,58.5169,58.3648,59.5962,62.5644,61.2967,60.1761,59.0509,57.432,54.9231,52.5126
Segment:GL,12/6/2009,50.2824,48.9345,48.9519,49.7553,50.2383,50.7823,53.1434,53.5352,54.8375,57.0515,57.7419,58.4556,57.771,56.2321,55.3288,55.5574,58.0217,61.6891,61.4754,59.3397,57.3647,54.7451,52.0116,51.2887
Segment:GL,12/7/2009,49.8908,50.2518,50.5019,51.331,53.9732,58.8717,65.9613,74.2764,81.6885,84.5157,83.7364,81.4981,81.3984,81.4144,79.5171,75.4837,73.0067,74.451,72.2152,69.6382,66.9255,62.51,57.4597,53.4139
Segment:GL,12/8/2009,51.2089,50.3314,50.0085,51.1262,53.6408,58.0158,65.9013,72.4819,77.5855,79.7186,79.5045,79.1621,77.3157,76.3086,75.5352,73.1591,72.6516,72.5864,70.1659,67.1276,64.2924,59.7333,55.4281,52.2546
Segment:GL,12/9/2009,49.8681,49.2702,49.1463,50.7847,52.5321,56.9747,63.5265,71.1214,76.7991,79.6021,78.9951,78.4128,77.955,76.8926,75.4111,71.5212,69.6182,70.6144,68.1547,65.7222,62.362,58.7492,54.0166,50.2783
Segment:GL,12/10/2009,48.7293,47.7966,47.8721,49.638,51.9687,56.9579,64.552,72.0435,77.4611,80.4582,80.7041,81.6592,80.8708,80.1087,79.4092,76.0499,74.4654,75.9993,74.5236,72.3445,70.0575,65.8367,60.7424,56.4752
Segment:GL,12/11/2009,54.5244,54.5645,54.7241,57.0681,59.2847,64.5885,73.3409,81.5842,87.1473,89.9823,89.0597,87.8011,85.9061,83.978,81.0619,78.3662,79.0768,78.4591,75.5639,72.8032,70.4954,66.9373,62.3322,58.8477
Segment:GL,12/12/2009,55.7091,54.7189,53.4538,53.5834,54.8885,57.1664,59.6582,61.842,63.7321,66.7338,68.4306,66.6803,64.2959,61.7569,60.4604,59.8631,61.4766,64.7069,64.3789,63.624,62.6862,60.9055,59.0121,56.0673
Segment:GL,12/13/2009,53.2705,51.592,51.4074,51.9258,52.2377,53.1198,54.7692,56.5633,58.8106,60.9162,62.5834,63.2223,62.0482,61.3113,59.807,60.1874,61.3902,63.7449,62.3223,60.9027,58.993,56.8484,53.7701,51.8726
Segment:GL,12/14/2009,51.1837,51.1896,51.4874,52.9674,55.9953,61.0513,68.3359,75.9278,80.7297,83.0993,82.2761,81.5466,80.4537,79.2004,77.4979,74.2994,73.0845,73.08,70.6368,67.9337,64.4083,60.6092,55.7396,51.5082
Segment:GL,12/15/2009,48.6575,48.1661,48.1528,48.6051,51.577,56.3041,63.3632,70.9591,76.6271,79.4847,80.404,79.3785,80.1563,78.9573,77.7935,74.9669,74.5716,74.5293,70.9268,67.4794,63.646,59.9485,56.1119,52.1914
Segment:GL,12/16/2009,49.8637,49.3352,49.4611,50.9655,53.8149,59.0905,67.3395,76.1718,80.8484,84.2663,83.8193,83.1193,81.6456,81.4986,80.6786,77.2475,76.5906,78.7049,75.3924,72.452,69.8202,65.6263,61.0625,56.7792
Segment:GL,12/17/2009,54.7964,54.2844,54.7632,56.678,59.6262,64.841,74.7717,81.8154,88.3233,89.6863,89.4874,88.4069,86.8946,85.5877,83.0225,80.649,78.8916,79.4409,76.8079,74.6822,72.6193,68.268,62.8605,58.6235
Segment:GL,12/18/2009,56.7434,56.3098,57.5035,58.1858,61.6572,67.7627,75.2728,82.8669,90.4634,91.2871,89.9461,87.7338,85.3141,84.6226,81.2747,78.022,78.8383,78.3097,76.686,72.5439,70.4006,67.7263,62.3151,59.5395
Segment:GL,12/19/2009,57.3927,56.56,55.8823,56.2117,57.2126,58.016,60.1632,61.9197,64.1887,64.9153,66.0261,65.7076,65.66,62.7755,60.4968,59.7591,62.4197,64.1634,63.8355,62.9067,62.0058,61.3041,59.6634,58.3887
Segment:GL,12/20/2009,57.2438,56.9138,57.2808,57.763,57.9329,58.5068,59.6872,59.8158,60.9367,60.2059,61.2086,60.6202,60.575,60.0299,58.8222,58.9065,60.3871,64.9362,64.8426,64.2231,62.4585,61.3187,59.6222,58.3063
Segment:GL,12/21/2009,56.4872,57.6753,57.5813,58.5011,62.313,67.1493,72.4472,75.6111,77.5523,79.1841,78.8205,77.6807,77.1905,76.4412,74.2991,72.853,72.7488,74.3229,72.0668,69.1633,67.2873,64.4078,60.6176,57.7904
Segment:GL,12/22/2009,55.8862,54.9765,54.9506,56.6844,59.4972,64.6529,71.4137,75.1181,76.8398,79.2818,80.3393,78.8903,78.6402,77.3238,76.1297,74.5257,73.6728,75.0004,73.5961,70.6357,68.6275,64.7055,61.5304,58.4038
Segment:GL,12/23/2009,56.3239,56.9824,56.7391,58.6532,60.8613,66.3101,73.951,77.6539,79.8215,81.2697,81.3385,79.6684,78.5608,77.3903,74.7768,72.9872,72.938,75.0405,73.8353,72.1278,70.3352,67.1968,62.3568,58.8998
Segment:GL,12/24/2009,57.1022,57.1458,57.2109,58.4663,61.1991,65.9822,71.2481,74.3756,76.1485,76.339,74.2051,72.1179,68.6446,65.8079,63.6954,62.6704,62.7409,66.6552,65.9562,62.5231,60.3319,58.3796,56.8276,55.6505
Segment:GL,12/25/2009,54.8318,54.9485,54.3877,55.2895,56.2434,57.162,57.9457,57.6962,56.6807,56.3549,56.9743,56.1221,55.6155,54.7427,54.2767,53.7236,55.5626,57.1676,56.9376,54.8673,54.3398,52.9291,51.427,51.0684
Segment:GL,12/26/2009,50.3654,50.2685,49.4421,48.6592,49.5562,50.6985,53.3239,56.103,56.506,58.1489,57.8279,57.3344,56.8495,55.0741,53.76,53.3965,56.001,58.6088,58.2309,57.4691,56.5074,54.3109,52.2014,50.9287
Segment:GL,12/27/2009,49.2801,48.3349,48.2949,48.0585,49.0299,51.051,53.4394,54.1145,54.43,56.3514,57.4215,56.5616,55.96,54.0184,52.6804,52.7049,53.868,58.2967,58.449,57.9479,55.5776,54.5499,53.126,52.1479
Segment:GL,12/28/2009,51.2289,51.0917,51.4309,52.0386,54.6688,60.8214,66.5722,70.6916,73.5417,75.8651,76.6278,76.4513,75.924,75.1705,74.3661,71.8217,71.1508,73.8495,71.8647,68.529,67.1619,63.9167,59.835,56.83
Segment:GL,12/29/2009,54.8201,54.8411,55.4079,56.8065,60.6755,66.0804,72.9475,76.602,79.1663,81.345,81.4479,81.5495,80.7432,79.0159,78.6077,75.7955,76.7306,79.1121,77.9661,76.1156,73.5073,70.0293,65.4941,61.4334
Segment:GL,12/30/2009,60.2603,60.6999,61.2646,63.0403,65.879,70.2113,76.4699,80.7475,82.1597,83.9552,83.6874,82.1839,82.0491,80.0848,79.2064,76.9811,76.4635,78.432,75.4249,71.9747,69.7865,65.9935,60.9108,58.4854
Segment:GL,12/31/2009,56.8676,55.9867,56.3608,57.3475,59.5732,64.8052,70.0181,72.8798,73.973,75.0307,75.7054,74.6496,72.2431,70.8509,69.7132,68.969,69.6227,71.3116,68.1353,65.455,63.0142,60.946,58.4455,57.3546
Segment:GL,1/1/2010,56.0875,55.1879,54.4699,54.1498,55.768,57.7886,59.9491,60.5316,59.4574,61.1252,61.7363,59.5338,59.2456,59.0009,58.5381,58.9452,60.1882,64.139,64.0567,62.9359,62.4098,60.3602,58.2779,57.3591
Segment:GL,1/2/2010,56.0757,55.9575,56.1454,56.1021,57.2108,59.1732,62.0907,64.3302,65.7955,69.255,69.4474,69.3559,68.456,66.6223,65.6619,64.7366,67.157,71.5826,72.9827,72.4985,71.1407,69.6771,65.777,64.4056
Segment:GL,1/3/2010,63.0251,62.8906,63.1358,63.7483,63.9586,66.1902,69.2279,70.2528,71.9231,72.5491,74.1006,73.3359,72.0098,70.0725,68.827,70.1674,72.7358,76.8581,76.5652,74.0521,71.1088,69.4644,66.8511,64.5897
Segment:GL,1/4/2010,63.7863,65.4469,65.059,65.7709,67.8795,71.7139,79.7446,87.8231,93.6264,97.0179,96.5203,94.2263,93.0864,91.658,89.5579,85.5047,84.1304,84.6787,82.1888,78.7461,75.6972,70.2552,65.0186,61.2565
Segment:GL,1/5/2010,59.6251,59.7409,60.6166,62.0792,64.5064,69.1471,77.2466,85.5375,89.5801,92.5899,92.1501,90.5756,89.0375,87.801,86.8328,85.1458,83.7164,83.5556,81.9348,78.5827,75.428,70.0407,64.6585,61.2188
Segment:GL,1/6/2010,59.5171,58.9749,59.8123,61.2403,63.7949,68.9996,76.6115,84.5776,89.1577,91.9986,91.9258,91.0326,90.395,88.9812,86.2793,84.1717,82.2032,83.4395,80.779,78.4629,75.6887,69.4195,64.2687,60.6006
Segment:GL,1/7/2010,59.1253,58.601,59.5024,61.1513,63.9453,68.5038,76.5951,83.6564,87.5142,90.4256,90.1216,88.4705,86.4511,85.0805,82.6626,80.1561,78.6022,81.1219,77.8056,75.1224,72.7419,67.1973,63.0148,59.1894
Segment:GL,1/8/2010,57.1799,57.0982,57.277,58.9197,61.026,65.4778,73.7274,77.8958,81.1361,86.384,90.9186,91.4914,91.9976,89.8579,85.8183,82.6542,81.8027,83.2654,81.422,77.5573,76.5448,72.4378,67.4429,64.991
Segment:GL,1/9/2010,62.6639,61.8491,61.0481,59.9508,60.8452,61.8715,65.64,68.616,68.0525,70.2466,70.893,69.5128,67.5464,65.9791,63.5632,63.2086,64.693,69.6051,70.8987,70.9525,69.6549,66.7359,63.6439,62.4413
Segment:GL,1/10/2010,60.7319,60.7822,61.5672,61.378,62.4233,64.263,66.7408,67.777,69.1278,69.4046,70.1317,68.3893,66.8674,64.5119,63.1888,62.9015,63.5026,68.9285,69.8008,67.2653,65.4901,63.9132,62.3674,61.8245
Segment:GL,1/11/2010,60.2694,61.6311,61.7981,63.7487,67.0349,72.4167,80.2816,88.5509,93.2139,95.6077,94.7565,91.7793,90.4799,88.0266,84.3039,81.0146,80.1327,81.7092,79.3699,75.3137,72.4703,66.7484,62.2443,59.2011
Segment:GL,1/12/2010,57.2114,56.4733,57.431,59.3565,62.4698,67.7389,76.1835,84.4769,89.0827,92.2436,92.8552,92.4215,90.959,89.1269,85.6002,81.9824,80.4526,81.514,79.0576,76.1936,73.6235,68.559,64.4429,61.1123
Segment:GL,1/13/2010,58.717,57.9641,58.9173,60.1937,64.0518,69.0649,77.0844,85.5017,90.5752,92.1652,92.8482,91.9342,89.2414,87.2403,84.1119,79.4192,78.0925,79.1112,77.4171,74.437,71.5815,66.8096,62.4544,58.5719
Segment:GL,1/14/2010,57.2338,56.8521,57.2672,59.6168,62.1442,66.9275,76.5195,84.2476,87.2781,89.0554,88.3386,86.721,84.6595,83.0633,79.6291,76.6586,74.1795,76.5097,74.647,72.1699,69.7161,64.3047,59.6587,56.069
Segment:GL,1/15/2010,54.2235,54.3051,54.6594,56.3667,59.1671,64.2035,72.5147,80.9508,85.4902,87.0128,85.1118,83.275,81.3651,79.9917,76.7223,72.3243,70.5259,71.5571,68.867,65.5796,63.2265,59.5889,54.2611,51.559
Segment:GL,1/16/2010,49.9591,49.103,48.2904,48.5317,49.5904,51.2905,54.8809,56.8592,57.1131,60.5067,60.631,59.2635,58.306,56.9127,54.851,54.1721,55.5179,59.8036,61.0117,60.3494,58.8752,56.3954,53.5782,51.779
Segment:GL,1/17/2010,49.5307,48.9333,49.0671,48.8331,49.0831,49.9543,52.3683,53.8962,55.6886,57.572,60.1814,60.0572,58.7461,58.1198,56.9495,57.0692,58.9993,61.558,60.8656,58.2581,55.7084,54.489,52.8818,51.0165
Segment:GL,1/18/2010,49.8383,50.46,50.6729,52.1112,55.4783,59.5202,64.3965,67.511,68.6674,70.4393,70.0778,69.1301,69.4983,67.7307,65.9507,64.4737,63.467,65.695,64.4386,62.274,60.4507,57.4236,53.7871,50.8573
Segment:GL,1/19/2010,49.7248,49.2765,49.6471,51.8655,54.8598,60.7539,69.8135,78.0324,82.0241,84.4976,83.18,81.134,80.0928,78.5288,76.6589,73.3816,71.0494,71.0826,68.5308,66.6978,63.9987,58.8094,55.3615,52.0847
Segment:GL,1/20/2010,50.0812,49.7946,50.6209,51.6731,55.2851,60.2554,69.2716,77.806,82.4371,84.6568,84.4257,83.5529,82.2599,81.2635,78.5129,75.6992,74.8446,75.6095,73.4287,71.029,67.8537,61.8849,57.9817,54.2956
Segment:GL,1/21/2010,52.4633,52.4068,53.0718,54.9662,58.4806,64.618,74.0192,82.1378,86.4111,88.5508,87.8476,85.5162,84.3248,83.4761,81.1035,78.979,77.4376,78.0526,75.3566,73.1158,70.0204,64.3659,58.5478,54.937
Segment:GL,1/22/2010,53.3164,52.8739,53.173,54.7504,57.6011,62.7064,71.3626,78.967,83.8934,86.2644,85.7684,85.7292,85.1057,83.6601,79.6403,75.976,73.8856,74.8153,72.6561,70.6912,67.823,63.3926,58.5008,55.673
Segment:GL,1/23/2010,53.1939,52.2683,53.4595,53.4976,54.6282,56.316,59.8389,61.3859,61.3907,64.0057,64.039,63.1181,61.9888,59.9813,56.9476,55.543,56.813,62.5481,63.731,63.8765,62.3749,60.3302,58.2175,56.3209
Segment:GL,1/24/2010,53.4947,52.6019,52.3812,52.5465,52.1841,52.8945,55.2449,56.8083,57.8725,59.5778,60.7977,60.7127,60.1509,58.9481,57.5664,57.7008,58.6875,61.2712,60.6694,57.3746,54.7348,52.9827,51.262,49.3073
Segment:GL,1/25/2010,47.3851,46.504,46.7274,48.5128,51.6208,56.1509,63.0867,69.8952,74.1909,76.8872,77.1063,77.5875,76.8598,76.413,73.8267,70.7287,68.345,68.7116,66.7999,64.3356,62.0824,58.0146,53.9892,50.6437
Segment:GL,1/26/2010,48.484,48.3635,48.6689,50.1239,53.7125,59.2012,68.2301,76.1492,80.6595,83.59,83.7776,83.249,83.4394,82.5955,81.0283,78.3514,76.4267,76.1657,74.6231,71.9857,69.2899,63.7041,59.6577,56.3747
Segment:GL,1/27/2010,53.9915,53.384,54.1355,56.1216,58.858,64.9841,74.7694,82.1739,87.1586,89.5899,88.9107,86.6722,85.5779,83.9885,81.1595,77.8946,75.4567,75.6396,75.9458,73.2142,69.8243,65.2119,60.8227,56.644
Segment:GL,1/28/2010,54.8425,53.9338,54.5642,56.0997,59.0937,65.1532,73.3319,80.1247,84.1171,86.7097,86.7965,85.45,82.9469,81.5181,79.3974,76.4434,73.9762,75.3116,74.896,73.56,71.4918,67.2465,63.5897,61.2491
Segment:GL,1/29/2010,59.778,59.6321,61.101,63.7711,66.2776,72.3252,80.743,87.8033,92.8075,97.0078,97.6123,97.3327,96.0235,94.2829,90.0075,86.6179,85.6624,86.5098,83.725,79.9614,77.6577,74.0501,68.2699,65.1914
Segment:GL,1/30/2010,62.2353,62.2003,61.7367,62.2637,62.8119,64.8036,68.651,72.5473,73.3355,76.9168,77.7228,76.4243,75.1471,74.2132,72.848,72.3518,72.7512,75.9014,76.0532,74.7755,73.3129,70.811,68.6836,66.8159
Segment:GL,1/31/2010,65.3568,64.5602,65.1957,65.55,66.1613,67.6239,69.8559,70.2483,71.1977,70.7649,71.4819,69.926,68.0484,66.461,64.6253,64.2372,64.9236,68.9343,71.9196,69.0742,67.6981,66.6035,65.7893,63.8814
